id,title,company,location,salary,type,description,posted,skills
1,Senior Frontend Developer,Tech Innovations Inc.,"San Francisco, CA (Remote)",$120K - $160K,Full-time,"Lead the development of high-performance user interfaces using modern React ecosystems. Responsibilities include architecting frontend solutions, mentoring junior developers, and ensuring seamless UX across all devices. You will work closely with design teams to implement pixel-perfect components and optimize web performance for millions of global users. Be part of a diverse team pushing technological boundaries.",,"React, TypeScript, Next.js, Tailwind CSS, Redux, Web Performance"
2,Senior Frontend Developer,Tech Innovations Inc.,"San Francisco, CA (Remote)",$120K - $160K,Full-time,"As a Senior Frontend Developer, you will drive the technical direction of our client-side applications. We are looking for an expert in React and TypeScript who can build scalable architectures and lead complex feature implementations. You will be responsible for setting coding standards, performing code reviews, and collaborating with backend engineers to define efficient API contracts. Looking for a self-motivated individual who loves solving complex problems.",,"React, TypeScript, Next.js, Tailwind CSS, Redux, Web Performance"
3,Senior Frontend Developer,Tech Innovations Inc.,"San Francisco, CA (Remote)",$120K - $160K,Full-time,"Join our engineering team to build the next generation of web interfaces. You will focus on building reusable component libraries, implementing advanced state management patterns, and ensuring our applications are accessible and performant. This role requires a deep understanding of browser internals and modern CSS techniques to deliver a premium user experience. Join us to make a real impact.",,"React, TypeScript, Next.js, Tailwind CSS, Redux, Web Performance"
4,Senior Frontend Developer,Tech Innovations Inc.,"San Francisco, CA (Remote)",$120K - $160K,Full-time,"Lead the development of high-performance user interfaces using modern React ecosystems. Responsibilities include architecting frontend solutions, mentoring junior developers, and ensuring seamless UX across all devices. You will work closely with design teams to implement pixel-perfect components and optimize web performance for millions of global users. Looking for a self-motivated individual who loves solving complex problems.",,"React, TypeScript, Next.js, Tailwind CSS, Redux, Web Performance"
5,Backend Engineer,DataWorks Ltd.,"New York, NY",$110K - $140K,Full-time,"We are looking for a Backend Engineer to join our core platform team. You will build high-throughput microservices, optimize complex database queries, and implement secure authentication systems. Experience with message brokers like Kafka or Redis is a plus as you will work on event-driven architectures to process data in real-time. Be part of a diverse team pushing technological boundaries.",,"Node.js, Python, PostgreSQL, Redis, Microservices, gRPC"
6,Backend devop Engineer,DataWorks Ltd.,"New York, NY",$110K - $140K,Full-time,Combine your software engineering skills with systems knowledge to build resilient infrastructure. You will develop backend logic while also taking ownership of infrastructure as code and site reliability. This dual role requires expertise in Go or Python and a deep understanding of network protocols and cloud security. Join us to make a real impact.,,"Python, Go, Docker, Kubernetes, AWS, Terraform"
7,Senior Frontend Developer,Tech Innovations Inc.,"San Francisco, CA (Remote)",$120K - $190K,Full-time,"Lead the development of high-performance user interfaces using modern React ecosystems. Responsibilities include architecting frontend solutions, mentoring junior developers, and ensuring seamless UX across all devices. You will work closely with design teams to implement pixel-perfect components and optimize web performance for millions of global users. Be part of a diverse team pushing technological boundaries.",,"React, TypeScript, Next.js, Tailwind CSS, Redux, Web Performance"
8,Backend Engineer,DataWorks Ltd.,"New York, NY",$170K - $190K,Full-time,"We are looking for a Backend Engineer to join our core platform team. You will build high-throughput microservices, optimize complex database queries, and implement secure authentication systems. Experience with message brokers like Kafka or Redis is a plus as you will work on event-driven architectures to process data in real-time. Join us to make a real impact.",,"Node.js, Python, PostgreSQL, Redis, Microservices, gRPC"
9,DevOps Engineer,CloudOps Solutions,"Austin, TX",$145K - $175K,Full-time,"Join our DevOps team to build and maintain the foundations of our software delivery platform. You will focus on building automated testing environments, implementing centralized logging and tracing, and ensuring our developer experience is world-class through efficient tooling and automation. Experience with agile methodologies is preferred for this role.",,"AWS, Docker, Kubernetes, Terraform, Jenkins, Monitoring"
10,Full Stack Developer,Flipkart,"Gurugram, Haryana",$141K - $168K,Full-time,"End-to-end development of web applications using the MERN stack. Handle everything from database design and server-side logic to building interactive frontend components with React. You will be responsible for the entire feature lifecycle, ensuring a cohesive and performant experience across the full application stack. Experience with agile methodologies is preferred for this role.",,"React, Node.js, MongoDB, Express.js, GraphQL, AWS"
11,Mobile App Developer,Mindtree,"Bengaluru, Karnataka",$86K - $151K,Remote,"Join our mobile team to create engaging user experiences on smartphones and tablets. You will build feature-rich applications, implement offline sync capabilities, and ensure our mobile products are stable and secure. Experience with mobile CI/CD and publishing to App Store and Google Play is required. We offer competitive benefits and a remote-friendly culture.",,"React Native, Flutter, Firebase, Mobile UI Design, App Store Optimization"
12,Full Stack Developer,Flipkart,"Pune, Maharashtra",$101K - $195K,Remote,"Build full-featured applications from the ground up. You will architect database schemas, develop robust backend services, and create dynamic user interfaces. Collaboration is key as you will work with product managers to translate requirements into fully functional technical solutions across all layers of the stack. Join us to make a real impact.",,"React, Node.js, MongoDB, Express.js, GraphQL, AWS"
13,Data Scientist,Cognizant India,"Noida, Uttar Pradesh",$82K - $173K,Remote,"Extract meaningful insights from complex datasets using Python and R. Apply statistical modeling and machine learning techniques to solve business problems and drive data-driven decision making. You will be responsible for data cleaning, exploratory analysis, and presenting findings to stakeholders. Join us to make a real impact.",,"Python, R, SQL, Pandas, Scikit-Learn, Data Visualization"
14,Machine Learning Engineer,Flipkart,"Mumbai, Maharashtra",$105K - $163K,Remote,"As an ML Engineer, you will bridge the gap between research and production. You will take prototype models and turn them into scalable, high-performance services. This involves optimizing inference latency, managing large datasets for training, and building automated retraining pipelines. Be part of a diverse team pushing technological boundaries.",,"PyTorch, TensorFlow, NLP, Computer Vision, MLOps, Model Deployment"
15,iOS Developer,L&T Infotech,"Hyderabad, Telangana",$124K - $172K,Remote,"Develop sophisticated iOS apps that our users love. You will focus on smooth animations, efficient memory management, and integrating with hardware sensors and APIs. This role involves participating in design sprints and contributing to the overall product strategy from a mobile-first perspective. Looking for a self-motivated individual who loves solving complex problems.",,"Swift, SwiftUI, Objective-C, Core Data, XCode, iOS SDK"
16,Machine Learning Engineer,Google India,"Gurugram, Haryana",$84K - $175K,Part-time,"Design, build, and deploy machine learning models at scale using PyTorch or TensorFlow. Work on deep learning architectures, feature engineering, and optimizing models for production environments. You will implement MLOps practices to ensure model reproducibility and monitor performance in real-time. Experience with agile methodologies is preferred for this role.",,"PyTorch, TensorFlow, NLP, Computer Vision, MLOps, Model Deployment"
17,Software Engineer,Google India,"Jaipur, Rajasthan",$116K - $177K,Remote,"Join our engineering team to solve complex technical challenges. You will apply software design patterns to build reusable libraries and ensure the long-term maintainability of our codebase. This role requires strong problem-solving skills and the ability to work effectively in a collaborative, agile environment. We offer competitive benefits and a remote-friendly culture.",,"Java, C++, Spring Boot, SQL, Design Patterns, Unit Testing"
18,Mobile App Developer,Amazon India,"Ahmedabad, Gujarat",$121K - $188K,Full-time,"Architect and build cross-platform mobile solutions that delight users. You will focus on pixel-perfect UI implementation, optimizing app startup times, and managing complex application states. This role involves working closely with UX designers to push the boundaries of mobile interaction design. Join us to make a real impact.",,"React Native, Flutter, Firebase, Mobile UI Design, App Store Optimization"
19,QA Engineer,Infosys,"Jaipur, Rajasthan",$91K - $193K,Full-time,"Ensure the highest quality of software products through comprehensive automated and manual testing. Develop automated test suites using Selenium or Cypress, perform regression testing, and track bug reports from identification to resolution. You will be the advocate for quality throughout the development process. Be part of a diverse team pushing technological boundaries.",,"Selenium, Cypress, Jest, Manual Testing, API Testing, Load Testing"
20,Senior Frontend Developer,Tech Mahindra,"Jaipur, Rajasthan",$97K - $194K,Remote,"As a Senior Frontend Developer, you will drive the technical direction of our client-side applications. We are looking for an expert in React and TypeScript who can build scalable architectures and lead complex feature implementations. You will be responsible for setting coding standards, performing code reviews, and collaborating with backend engineers to define efficient API contracts. Experience with agile methodologies is preferred for this role.",,"React, TypeScript, Next.js, Tailwind CSS, Redux, Web Performance"
21,UI/UX Designer,Microsoft India,"Pune, Maharashtra",$132K - $193K,Part-time,Drive the design vision of our platform. You will be responsible for creating a cohesive design system that scales across multiple products and platforms. Strong communication skills are essential as you will present your design decisions to stakeholders and work closely with engineering to bring them to life. We offer competitive benefits and a remote-friendly culture.,,"Figma, Adobe XD, User Research, Prototyping, Wireframing, Visual Design"
22,Product Manager,Infosys,"Bengaluru, Karnataka",$122K - $151K,Remote,"Define the product vision and strategy for our core features. Work closely with engineering, design, and business teams to prioritize the roadmap and deliver maximum value to users. You will be responsible for gathering requirements, writing user stories, and managing the product lifecycle from concept to launch. Be part of a diverse team pushing technological boundaries.",,"Agile, Product Roadmap, User Stories, Market Research, Data Analytics"
23,UI/UX Designer,Mindtree,"Hyderabad, Telangana",$142K - $195K,Remote,"We are seeking a UI/UX Designer who can balance aesthetics with usability. You will create user flows, wireframes, and final mockups that solve complex user problems simply. This role involves constant iteration based on user feedback and data, ensuring our products are always evolving to meet user needs. Be part of a diverse team pushing technological boundaries.",,"Figma, Adobe XD, User Research, Prototyping, Wireframing, Visual Design"
24,Mobile App Developer,Capgemini India,Remote,$92K - $150K,Full-time,"Architect and build cross-platform mobile solutions that delight users. You will focus on pixel-perfect UI implementation, optimizing app startup times, and managing complex application states. This role involves working closely with UX designers to push the boundaries of mobile interaction design. Join us to make a real impact.",,"React Native, Flutter, Firebase, Mobile UI Design, App Store Optimization"
25,DevOps Engineer,Infosys,"Noida, Uttar Pradesh",$115K - $197K,Remote,"Automate infrastructure deployment and management using AWS, Docker, and Kubernetes. Ensure system reliability, scalability, and security through robust CI/CD pipelines and cloud-native practices. You will be responsible for monitoring system health and responding to incidents in our production environment. Experience with agile methodologies is preferred for this role.",,"AWS, Docker, Kubernetes, Terraform, Jenkins, Monitoring"
26,Software Engineer,Reliance Digital,"Jaipur, Rajasthan",$142K - $176K,Part-time,"Join our engineering team to solve complex technical challenges. You will apply software design patterns to build reusable libraries and ensure the long-term maintainability of our codebase. This role requires strong problem-solving skills and the ability to work effectively in a collaborative, agile environment. Looking for a self-motivated individual who loves solving complex problems.",,"Java, C++, Spring Boot, SQL, Design Patterns, Unit Testing"
27,Cloud Architect,IBM India,"Kolkata, West Bengal",$94K - $199K,Remote,Architect the foundations of our multi-cloud ecosystem. You will focus on building resilient and secure environments using infrastructure as code and modern devsecops practices. Your goal is to provide a scalable and performant platform that supports our rapidly growing user base and evolving business needs. Join us to make a real impact.,,"AWS, Azure, Cloud Security, Serverless, Infrastructure as Code"
28,Business Analyst,Amazon India,"Kolkata, West Bengal",$88K - $200K,Full-time,"Bridge the gap between business needs and technical solutions. Analyze business processes, gather detailed requirements, and provide data-backed recommendations to improve efficiency. You will work with stakeholders across the company to ensure that our technical projects are aligned with business objectives. Join us to make a real impact.",,"SQL, Tableau, Excel, Requirement Gathering, Process Improvement"
29,Software Engineer,Tata Consultancy Services,"Chennai, Tamil Nadu",$94K - $161K,Remote,"Join our engineering team to solve complex technical challenges. You will apply software design patterns to build reusable libraries and ensure the long-term maintainability of our codebase. This role requires strong problem-solving skills and the ability to work effectively in a collaborative, agile environment. Join us to make a real impact.",,"Java, C++, Spring Boot, SQL, Design Patterns, Unit Testing"
30,DevOps Engineer,Capgemini India,"Hyderabad, Telangana",$137K - $166K,Full-time,"Join our DevOps team to build and maintain the foundations of our software delivery platform. You will focus on building automated testing environments, implementing centralized logging and tracing, and ensuring our developer experience is world-class through efficient tooling and automation. Join us to make a real impact.",,"AWS, Docker, Kubernetes, Terraform, Jenkins, Monitoring"
31,Backend Engineer,Amazon India,"Bengaluru, Karnataka",$94K - $189K,Part-time,"Design and implement scalable backend services and APIs using Node.js and Python. Focus on data integrity, system performance, and building robust distributed systems that handle millions of requests. You will be responsible for database schema design, implementing caching strategies, and ensuring the reliability of our core services. Looking for a self-motivated individual who loves solving complex problems.",,"Node.js, Python, PostgreSQL, Redis, Microservices, gRPC"
32,Backend Engineer,Tata Consultancy Services,"Kolkata, West Bengal",$129K - $190K,Part-time,"We are looking for a Backend Engineer to join our core platform team. You will build high-throughput microservices, optimize complex database queries, and implement secure authentication systems. Experience with message brokers like Kafka or Redis is a plus as you will work on event-driven architectures to process data in real-time. Looking for a self-motivated individual who loves solving complex problems.",,"Node.js, Python, PostgreSQL, Redis, Microservices, gRPC"
33,Machine Learning Engineer,Infosys,"Jaipur, Rajasthan",$117K - $198K,Remote,Join our AI team to solve challenging problems in computer vision and NLP. You will research state-of-the-art algorithms and adapt them to our specific use cases. The role requires strong software engineering skills to integrate ML models into our existing software ecosystem while ensuring scalability and reliability. Looking for a self-motivated individual who loves solving complex problems.,,"PyTorch, TensorFlow, NLP, Computer Vision, MLOps, Model Deployment"
34,Cloud Architect,Google India,"Bengaluru, Karnataka",$104K - $152K,Remote,"Design and oversee complex cloud architectures on AWS or Azure. Focus on cost-optimization, disaster recovery, and ensuring systems are built for massive scale. You will provide technical leadership for cloud migrations and ensure that our cloud infrastructure follows industry best practices for security and reliability. Looking for a self-motivated individual who loves solving complex problems.",,"AWS, Azure, Cloud Security, Serverless, Infrastructure as Code"
35,Business Analyst,Wipro,"Mumbai, Maharashtra",$87K - $155K,Remote,"As a Business Analyst, you will translate complex business problems into clear technical requirements. You will create process maps, conduct cost-benefit analyses, and work with development teams to ensure successful project delivery. Strong analytical skills and the ability to communicate with both technical and non-technical audiences are key. Be part of a diverse team pushing technological boundaries.",,"SQL, Tableau, Excel, Requirement Gathering, Process Improvement"
36,Cybersecurity Analyst,Reliance Digital,"Gurugram, Haryana",$91K - $176K,Full-time,"Ensure the integrity and confidentiality of our data across all platforms. You will design and implement security architectures, manage SIEM systems for real-time monitoring, and oversee our security compliance programs. This role requires a deep understanding of network security, encryption, and modern security operations. Be part of a diverse team pushing technological boundaries.",,"Network Security, Penetration Testing, SIEM, Incident Response, Compliance"
37,Mobile App Developer,IBM India,"Ahmedabad, Gujarat",$134K - $175K,Remote,"Develop high-quality mobile applications for both iOS and Android platforms using React Native or Flutter. Focus on performance, smooth animations, and delivering a native-like experience. You will be responsible for integrating with native APIs and ensuring our apps are optimized for a wide range of devices. Be part of a diverse team pushing technological boundaries.",,"React Native, Flutter, Firebase, Mobile UI Design, App Store Optimization"
38,Software Engineer,Mindtree,Remote,$83K - $176K,Remote,"Join our engineering team to solve complex technical challenges. You will apply software design patterns to build reusable libraries and ensure the long-term maintainability of our codebase. This role requires strong problem-solving skills and the ability to work effectively in a collaborative, agile environment. We offer competitive benefits and a remote-friendly culture.",,"Java, C++, Spring Boot, SQL, Design Patterns, Unit Testing"
39,DevOps Engineer,Reliance Digital,"Gurugram, Haryana",$103K - $184K,Part-time,"Join our DevOps team to build and maintain the foundations of our software delivery platform. You will focus on building automated testing environments, implementing centralized logging and tracing, and ensuring our developer experience is world-class through efficient tooling and automation. Be part of a diverse team pushing technological boundaries.",,"AWS, Docker, Kubernetes, Terraform, Jenkins, Monitoring"
40,Mobile App Developer,Wipro,"Ahmedabad, Gujarat",$90K - $200K,Remote,"Develop high-quality mobile applications for both iOS and Android platforms using React Native or Flutter. Focus on performance, smooth animations, and delivering a native-like experience. You will be responsible for integrating with native APIs and ensuring our apps are optimized for a wide range of devices. Experience with agile methodologies is preferred for this role.",,"React Native, Flutter, Firebase, Mobile UI Design, App Store Optimization"
41,Cybersecurity Analyst,Google India,"Hyderabad, Telangana",$109K - $173K,Full-time,"Join our security team to harden our applications and infrastructure against attacks. You will perform penetration testing, manage identity and access control systems, and conduct security awareness training for employees. This role involves staying ahead of the latest threat landscape and proactively implementing defense-in-depth strategies. We offer competitive benefits and a remote-friendly culture.",,"Network Security, Penetration Testing, SIEM, Incident Response, Compliance"
42,Software Engineer,Cognizant India,"Gurugram, Haryana",$128K - $155K,Full-time,"We are looking for a Software Engineer who is passionate about technical excellence. You will contribute to architecture discussions, implement high-quality features, and help improve our engineering processes. Versatility and a willingness to learn new technologies are more important than deep expertise in a single stack. Be part of a diverse team pushing technological boundaries.",,"Java, C++, Spring Boot, SQL, Design Patterns, Unit Testing"
43,DevOps Engineer,Reliance Digital,"Mumbai, Maharashtra",$124K - $171K,Full-time,"Automate infrastructure deployment and management using AWS, Docker, and Kubernetes. Ensure system reliability, scalability, and security through robust CI/CD pipelines and cloud-native practices. You will be responsible for monitoring system health and responding to incidents in our production environment. Be part of a diverse team pushing technological boundaries.",,"AWS, Docker, Kubernetes, Terraform, Jenkins, Monitoring"
44,Machine Learning Engineer,Cognizant India,"Jaipur, Rajasthan",$141K - $183K,Remote,"As an ML Engineer, you will bridge the gap between research and production. You will take prototype models and turn them into scalable, high-performance services. This involves optimizing inference latency, managing large datasets for training, and building automated retraining pipelines. Experience with agile methodologies is preferred for this role.",,"PyTorch, TensorFlow, NLP, Computer Vision, MLOps, Model Deployment"
45,Business Analyst,Amazon India,"Hyderabad, Telangana",$119K - $164K,Full-time,"Help us optimize our operations through data-driven analysis. You will identify areas for process improvement, develop business cases for new initiatives, and measure the impact of our technical solutions. This role requires a deep understanding of our business domain and the ability to use data to drive strategic decisions. Be part of a diverse team pushing technological boundaries.",,"SQL, Tableau, Excel, Requirement Gathering, Process Improvement"
46,Business Analyst,Amazon India,"Ahmedabad, Gujarat",$105K - $166K,Remote,"Bridge the gap between business needs and technical solutions. Analyze business processes, gather detailed requirements, and provide data-backed recommendations to improve efficiency. You will work with stakeholders across the company to ensure that our technical projects are aligned with business objectives. Be part of a diverse team pushing technological boundaries.",,"SQL, Tableau, Excel, Requirement Gathering, Process Improvement"
47,Product Manager,Reliance Digital,"Bengaluru, Karnataka",$90K - $176K,Full-time,"As a Product Manager, you will be the voice of the customer. You will conduct market research, analyze user feedback, and use data to make informed product decisions. Your goal is to build products that not only solve real problems but also delight our users and drive business growth. Be part of a diverse team pushing technological boundaries.",,"Agile, Product Roadmap, User Stories, Market Research, Data Analytics"
48,Software Engineer,L&T Infotech,"Hyderabad, Telangana",$138K - $154K,Part-time,"We are looking for a Software Engineer who is passionate about technical excellence. You will contribute to architecture discussions, implement high-quality features, and help improve our engineering processes. Versatility and a willingness to learn new technologies are more important than deep expertise in a single stack. Experience with agile methodologies is preferred for this role.",,"Java, C++, Spring Boot, SQL, Design Patterns, Unit Testing"
49,DevOps Engineer,Tata Consultancy Services,Remote,$82K - $160K,Part-time,"Automate infrastructure deployment and management using AWS, Docker, and Kubernetes. Ensure system reliability, scalability, and security through robust CI/CD pipelines and cloud-native practices. You will be responsible for monitoring system health and responding to incidents in our production environment. Looking for a self-motivated individual who loves solving complex problems.",,"AWS, Docker, Kubernetes, Terraform, Jenkins, Monitoring"
50,DevOps Engineer,Microsoft India,"Kolkata, West Bengal",$109K - $180K,Full-time,"Lead our infrastructure automation efforts to achieve high availability and rapid deployment cycles. You will design and implement infrastructure as code using Terraform, manage container orchestration platforms, and optimize our cloud spending. Experience with security hardening and compliance in the cloud is essential. Join us to make a real impact.",,"AWS, Docker, Kubernetes, Terraform, Jenkins, Monitoring"
51,Android Developer,Mindtree,"Hyderabad, Telangana",$98K - $186K,Full-time,"Join our mobile team to build engaging Android products that reach millions of users. You will work on feature-rich apps, optimize app startup times and battery usage, and ensure compatibility across a wide range of devices and OS versions. This role involves collaborating with product and design teams to deliver polished, user-centric features. We offer competitive benefits and a remote-friendly culture.",,"Kotlin, Java, Jetpack Compose, Android SDK, Retrofit, Coroutines"
52,Android Developer,HCL Technologies,"Kolkata, West Bengal",$105K - $183K,Full-time,"Develop robust Android applications using Kotlin and modern Jetpack components. Focus on performance, memory management, and implementing Material Design principles to create a premium user experience. You will be responsible for the entire development lifecycle, from UI implementation to integrating with backend APIs. Be part of a diverse team pushing technological boundaries.",,"Kotlin, Java, Jetpack Compose, Android SDK, Retrofit, Coroutines"
53,Senior Frontend Developer,Wipro,"Hyderabad, Telangana",$105K - $196K,Full-time,"As a Senior Frontend Developer, you will drive the technical direction of our client-side applications. We are looking for an expert in React and TypeScript who can build scalable architectures and lead complex feature implementations. You will be responsible for setting coding standards, performing code reviews, and collaborating with backend engineers to define efficient API contracts. Looking for a self-motivated individual who loves solving complex problems.",,"React, TypeScript, Next.js, Tailwind CSS, Redux, Web Performance"
54,Data Scientist,Wipro,"Kolkata, West Bengal",$99K - $154K,Part-time,"Help us leverage data to gain a competitive advantage. You will design experiments, build automated reporting dashboards, and develop sophisticated algorithms to understand user behavior. This role requires the ability to translate complex data results into actionable business strategies and product improvements. Join us to make a real impact.",,"Python, R, SQL, Pandas, Scikit-Learn, Data Visualization"
55,UI/UX Designer,Infosys,"Jaipur, Rajasthan",$110K - $199K,Full-time,"Design intuitive and beautiful user experiences for our web and mobile applications. Conduct user research, create high-fidelity prototypes in Figma, and collaborate with developers to ensure faithful implementation of your designs. You will define the visual language and interaction patterns for our entire product suite. Looking for a self-motivated individual who loves solving complex problems.",,"Figma, Adobe XD, User Research, Prototyping, Wireframing, Visual Design"
56,Senior Frontend Developer,Amazon India,"Jaipur, Rajasthan",$111K - $187K,Part-time,"As a Senior Frontend Developer, you will drive the technical direction of our client-side applications. We are looking for an expert in React and TypeScript who can build scalable architectures and lead complex feature implementations. You will be responsible for setting coding standards, performing code reviews, and collaborating with backend engineers to define efficient API contracts. Join us to make a real impact.",,"React, TypeScript, Next.js, Tailwind CSS, Redux, Web Performance"
57,UI/UX Designer,Infosys,"Jaipur, Rajasthan",$146K - $162K,Remote,Drive the design vision of our platform. You will be responsible for creating a cohesive design system that scales across multiple products and platforms. Strong communication skills are essential as you will present your design decisions to stakeholders and work closely with engineering to bring them to life. Join us to make a real impact.,,"Figma, Adobe XD, User Research, Prototyping, Wireframing, Visual Design"
58,Product Manager,L&T Infotech,"Jaipur, Rajasthan",$84K - $184K,Full-time,"Define the product vision and strategy for our core features. Work closely with engineering, design, and business teams to prioritize the roadmap and deliver maximum value to users. You will be responsible for gathering requirements, writing user stories, and managing the product lifecycle from concept to launch. Experience with agile methodologies is preferred for this role.",,"Agile, Product Roadmap, User Stories, Market Research, Data Analytics"
59,Mobile App Developer,Google India,"Ahmedabad, Gujarat",$98K - $168K,Remote,"Join our mobile team to create engaging user experiences on smartphones and tablets. You will build feature-rich applications, implement offline sync capabilities, and ensure our mobile products are stable and secure. Experience with mobile CI/CD and publishing to App Store and Google Play is required. Join us to make a real impact.",,"React Native, Flutter, Firebase, Mobile UI Design, App Store Optimization"
60,Backend Engineer,Amazon India,"Bengaluru, Karnataka",$119K - $177K,Full-time,"Architect and maintain the server-side logic of our cloud-based platforms. You will focus on building RESTful and gRPC APIs, managing relational and NoSQL databases, and ensuring high availability across multiple regions. This role involves deep dives into system performance tuning and implementing comprehensive monitoring solutions. Be part of a diverse team pushing technological boundaries.",,"Node.js, Python, PostgreSQL, Redis, Microservices, gRPC"
61,iOS Developer,IBM India,"Gurugram, Haryana",$133K - $186K,Part-time,"Build premium iOS applications for iPhone and iPad using Swift and SwiftUI. Focus on elegant code, Apple's Human Interface Guidelines, and integrating with advanced iOS features like Widgets and Core ML. You will ensure our apps are responsive, accessible, and take full advantage of the latest iOS capabilities. Join us to make a real impact.",,"Swift, SwiftUI, Objective-C, Core Data, XCode, iOS SDK"
62,UI/UX Designer,Amazon India,"Chennai, Tamil Nadu",$107K - $185K,Part-time,"We are seeking a UI/UX Designer who can balance aesthetics with usability. You will create user flows, wireframes, and final mockups that solve complex user problems simply. This role involves constant iteration based on user feedback and data, ensuring our products are always evolving to meet user needs. We offer competitive benefits and a remote-friendly culture.",,"Figma, Adobe XD, User Research, Prototyping, Wireframing, Visual Design"
63,Business Analyst,Flipkart,"Chennai, Tamil Nadu",$116K - $167K,Remote,"Help us optimize our operations through data-driven analysis. You will identify areas for process improvement, develop business cases for new initiatives, and measure the impact of our technical solutions. This role requires a deep understanding of our business domain and the ability to use data to drive strategic decisions. Be part of a diverse team pushing technological boundaries.",,"SQL, Tableau, Excel, Requirement Gathering, Process Improvement"
64,Full Stack Developer,Reliance Digital,"Gurugram, Haryana",$92K - $180K,Remote,"End-to-end development of web applications using the MERN stack. Handle everything from database design and server-side logic to building interactive frontend components with React. You will be responsible for the entire feature lifecycle, ensuring a cohesive and performant experience across the full application stack. Looking for a self-motivated individual who loves solving complex problems.",,"React, Node.js, MongoDB, Express.js, GraphQL, AWS"
65,UI/UX Designer,Wipro,"Mumbai, Maharashtra",$103K - $157K,Remote,"We are seeking a UI/UX Designer who can balance aesthetics with usability. You will create user flows, wireframes, and final mockups that solve complex user problems simply. This role involves constant iteration based on user feedback and data, ensuring our products are always evolving to meet user needs. Join us to make a real impact.",,"Figma, Adobe XD, User Research, Prototyping, Wireframing, Visual Design"
66,Senior Frontend Developer,Microsoft India,"Hyderabad, Telangana",$105K - $200K,Full-time,"Join our engineering team to build the next generation of web interfaces. You will focus on building reusable component libraries, implementing advanced state management patterns, and ensuring our applications are accessible and performant. This role requires a deep understanding of browser internals and modern CSS techniques to deliver a premium user experience. Experience with agile methodologies is preferred for this role.",,"React, TypeScript, Next.js, Tailwind CSS, Redux, Web Performance"
67,Cloud Architect,IBM India,"Chennai, Tamil Nadu",$141K - $162K,Remote,"Design and oversee complex cloud architectures on AWS or Azure. Focus on cost-optimization, disaster recovery, and ensuring systems are built for massive scale. You will provide technical leadership for cloud migrations and ensure that our cloud infrastructure follows industry best practices for security and reliability. We offer competitive benefits and a remote-friendly culture.",,"AWS, Azure, Cloud Security, Serverless, Infrastructure as Code"
68,Full Stack Developer,Reliance Digital,Remote,$112K - $154K,Part-time,"We are seeking a Full Stack Developer to build modern web solutions. You will work on both the client and server sides, implementing responsive designs and scalable API services. This role requires versatility and the ability to switch contexts quickly while maintaining high code quality and architectural integrity. Experience with agile methodologies is preferred for this role.",,"React, Node.js, MongoDB, Express.js, GraphQL, AWS"
69,Android Developer,Flipkart,"Pune, Maharashtra",$140K - $178K,Full-time,"Join our mobile team to build engaging Android products that reach millions of users. You will work on feature-rich apps, optimize app startup times and battery usage, and ensure compatibility across a wide range of devices and OS versions. This role involves collaborating with product and design teams to deliver polished, user-centric features. Looking for a self-motivated individual who loves solving complex problems.",,"Kotlin, Java, Jetpack Compose, Android SDK, Retrofit, Coroutines"
70,QA Engineer,Cognizant India,"Mumbai, Maharashtra",$91K - $155K,Full-time,"Ensure the highest quality of software products through comprehensive automated and manual testing. Develop automated test suites using Selenium or Cypress, perform regression testing, and track bug reports from identification to resolution. You will be the advocate for quality throughout the development process. Be part of a diverse team pushing technological boundaries.",,"Selenium, Cypress, Jest, Manual Testing, API Testing, Load Testing"
71,Full Stack Developer,Mindtree,"Ahmedabad, Gujarat",$107K - $161K,Full-time,"We are seeking a Full Stack Developer to build modern web solutions. You will work on both the client and server sides, implementing responsive designs and scalable API services. This role requires versatility and the ability to switch contexts quickly while maintaining high code quality and architectural integrity. We offer competitive benefits and a remote-friendly culture.",,"React, Node.js, MongoDB, Express.js, GraphQL, AWS"
72,Cybersecurity Analyst,Reliance Digital,"Ahmedabad, Gujarat",$126K - $179K,Full-time,"Ensure the integrity and confidentiality of our data across all platforms. You will design and implement security architectures, manage SIEM systems for real-time monitoring, and oversee our security compliance programs. This role requires a deep understanding of network security, encryption, and modern security operations. We offer competitive benefits and a remote-friendly culture.",,"Network Security, Penetration Testing, SIEM, Incident Response, Compliance"
73,Android Developer,Cognizant India,"Gurugram, Haryana",$141K - $161K,Part-time,"Develop robust Android applications using Kotlin and modern Jetpack components. Focus on performance, memory management, and implementing Material Design principles to create a premium user experience. You will be responsible for the entire development lifecycle, from UI implementation to integrating with backend APIs. We offer competitive benefits and a remote-friendly culture.",,"Kotlin, Java, Jetpack Compose, Android SDK, Retrofit, Coroutines"
74,Product Manager,L&T Infotech,"Mumbai, Maharashtra",$114K - $193K,Full-time,"As a Product Manager, you will be the voice of the customer. You will conduct market research, analyze user feedback, and use data to make informed product decisions. Your goal is to build products that not only solve real problems but also delight our users and drive business growth. We offer competitive benefits and a remote-friendly culture.",,"Agile, Product Roadmap, User Stories, Market Research, Data Analytics"
75,Machine Learning Engineer,Tata Consultancy Services,Remote,$101K - $157K,Remote,Join our AI team to solve challenging problems in computer vision and NLP. You will research state-of-the-art algorithms and adapt them to our specific use cases. The role requires strong software engineering skills to integrate ML models into our existing software ecosystem while ensuring scalability and reliability. Be part of a diverse team pushing technological boundaries.,,"PyTorch, TensorFlow, NLP, Computer Vision, MLOps, Model Deployment"
76,Senior Frontend Developer,Infosys,"Kolkata, West Bengal",$140K - $163K,Part-time,"Lead the development of high-performance user interfaces using modern React ecosystems. Responsibilities include architecting frontend solutions, mentoring junior developers, and ensuring seamless UX across all devices. You will work closely with design teams to implement pixel-perfect components and optimize web performance for millions of global users. Looking for a self-motivated individual who loves solving complex problems.",,"React, TypeScript, Next.js, Tailwind CSS, Redux, Web Performance"
77,Cloud Architect,Microsoft India,"Ahmedabad, Gujarat",$123K - $165K,Full-time,"We are looking for a Cloud Architect to define our global infrastructure strategy. You will design serverless architectures, implement complex networking solutions, and ensure that our platform is highly available across multiple regions. This role involves mentoring engineering teams on cloud-native development patterns. We offer competitive benefits and a remote-friendly culture.",,"AWS, Azure, Cloud Security, Serverless, Infrastructure as Code"
78,Senior Frontend Developer,IBM India,"Noida, Uttar Pradesh",$92K - $159K,Full-time,"Join our engineering team to build the next generation of web interfaces. You will focus on building reusable component libraries, implementing advanced state management patterns, and ensuring our applications are accessible and performant. This role requires a deep understanding of browser internals and modern CSS techniques to deliver a premium user experience. Experience with agile methodologies is preferred for this role.",,"React, TypeScript, Next.js, Tailwind CSS, Redux, Web Performance"
79,UI/UX Designer,Flipkart,"Noida, Uttar Pradesh",$136K - $187K,Full-time,"Design intuitive and beautiful user experiences for our web and mobile applications. Conduct user research, create high-fidelity prototypes in Figma, and collaborate with developers to ensure faithful implementation of your designs. You will define the visual language and interaction patterns for our entire product suite. Join us to make a real impact.",,"Figma, Adobe XD, User Research, Prototyping, Wireframing, Visual Design"
80,Data Scientist,Google India,Remote,$101K - $195K,Full-time,"We are looking for a Data Scientist to build predictive models and recommendation engines. You will work with large-scale data systems, implement feature engineering pipelines, and evaluate model performance in production. Strong mathematical foundation and experience with A/B testing are essential for this role. Join us to make a real impact.",,"Python, R, SQL, Pandas, Scikit-Learn, Data Visualization"
81,Cloud Architect,HCL Technologies,"Gurugram, Haryana",$142K - $181K,Full-time,Architect the foundations of our multi-cloud ecosystem. You will focus on building resilient and secure environments using infrastructure as code and modern devsecops practices. Your goal is to provide a scalable and performant platform that supports our rapidly growing user base and evolving business needs. Experience with agile methodologies is preferred for this role.,,"AWS, Azure, Cloud Security, Serverless, Infrastructure as Code"
82,UI/UX Designer,Tata Consultancy Services,"Jaipur, Rajasthan",$146K - $180K,Full-time,"Design intuitive and beautiful user experiences for our web and mobile applications. Conduct user research, create high-fidelity prototypes in Figma, and collaborate with developers to ensure faithful implementation of your designs. You will define the visual language and interaction patterns for our entire product suite. We offer competitive benefits and a remote-friendly culture.",,"Figma, Adobe XD, User Research, Prototyping, Wireframing, Visual Design"
83,Cloud Architect,IBM India,"Ahmedabad, Gujarat",$89K - $173K,Part-time,"We are looking for a Cloud Architect to define our global infrastructure strategy. You will design serverless architectures, implement complex networking solutions, and ensure that our platform is highly available across multiple regions. This role involves mentoring engineering teams on cloud-native development patterns. Be part of a diverse team pushing technological boundaries.",,"AWS, Azure, Cloud Security, Serverless, Infrastructure as Code"
84,QA Engineer,Tata Consultancy Services,"Bengaluru, Karnataka",$140K - $193K,Part-time,"Lead our quality assurance efforts to deliver bug-free software to our customers. You will design test plans, manage test data, and integrate testing into our CI/CD pipelines. This role requires a meticulous eye for detail and the ability to think like a user to identify edge cases and potential failure points. We offer competitive benefits and a remote-friendly culture.",,"Selenium, Cypress, Jest, Manual Testing, API Testing, Load Testing"
85,Full Stack Developer,Amazon India,"Kolkata, West Bengal",$125K - $186K,Full-time,"End-to-end development of web applications using the MERN stack. Handle everything from database design and server-side logic to building interactive frontend components with React. You will be responsible for the entire feature lifecycle, ensuring a cohesive and performant experience across the full application stack. Be part of a diverse team pushing technological boundaries.",,"React, Node.js, MongoDB, Express.js, GraphQL, AWS"
86,UI/UX Designer,Amazon India,"Noida, Uttar Pradesh",$143K - $152K,Full-time,"We are seeking a UI/UX Designer who can balance aesthetics with usability. You will create user flows, wireframes, and final mockups that solve complex user problems simply. This role involves constant iteration based on user feedback and data, ensuring our products are always evolving to meet user needs. Join us to make a real impact.",,"Figma, Adobe XD, User Research, Prototyping, Wireframing, Visual Design"
87,DevOps Engineer,L&T Infotech,"Noida, Uttar Pradesh",$136K - $152K,Part-time,"Join our DevOps team to build and maintain the foundations of our software delivery platform. You will focus on building automated testing environments, implementing centralized logging and tracing, and ensuring our developer experience is world-class through efficient tooling and automation. We offer competitive benefits and a remote-friendly culture.",,"AWS, Docker, Kubernetes, Terraform, Jenkins, Monitoring"
88,Business Analyst,Google India,"Bengaluru, Karnataka",$128K - $199K,Full-time,"Bridge the gap between business needs and technical solutions. Analyze business processes, gather detailed requirements, and provide data-backed recommendations to improve efficiency. You will work with stakeholders across the company to ensure that our technical projects are aligned with business objectives. Join us to make a real impact.",,"SQL, Tableau, Excel, Requirement Gathering, Process Improvement"
89,Machine Learning Engineer,Microsoft India,"Chennai, Tamil Nadu",$134K - $193K,Part-time,"As an ML Engineer, you will bridge the gap between research and production. You will take prototype models and turn them into scalable, high-performance services. This involves optimizing inference latency, managing large datasets for training, and building automated retraining pipelines. Looking for a self-motivated individual who loves solving complex problems.",,"PyTorch, TensorFlow, NLP, Computer Vision, MLOps, Model Deployment"
90,QA Engineer,Infosys,"Hyderabad, Telangana",$126K - $190K,Full-time,"Lead our quality assurance efforts to deliver bug-free software to our customers. You will design test plans, manage test data, and integrate testing into our CI/CD pipelines. This role requires a meticulous eye for detail and the ability to think like a user to identify edge cases and potential failure points. Looking for a self-motivated individual who loves solving complex problems.",,"Selenium, Cypress, Jest, Manual Testing, API Testing, Load Testing"
91,Machine Learning Engineer,Cognizant India,"Jaipur, Rajasthan",$84K - $155K,Remote,"Design, build, and deploy machine learning models at scale using PyTorch or TensorFlow. Work on deep learning architectures, feature engineering, and optimizing models for production environments. You will implement MLOps practices to ensure model reproducibility and monitor performance in real-time. We offer competitive benefits and a remote-friendly culture.",,"PyTorch, TensorFlow, NLP, Computer Vision, MLOps, Model Deployment"
92,DevOps Engineer,IBM India,"Pune, Maharashtra",$127K - $187K,Full-time,"Lead our infrastructure automation efforts to achieve high availability and rapid deployment cycles. You will design and implement infrastructure as code using Terraform, manage container orchestration platforms, and optimize our cloud spending. Experience with security hardening and compliance in the cloud is essential. Be part of a diverse team pushing technological boundaries.",,"AWS, Docker, Kubernetes, Terraform, Jenkins, Monitoring"
93,QA Engineer,HCL Technologies,"Ahmedabad, Gujarat",$82K - $164K,Remote,"Lead our quality assurance efforts to deliver bug-free software to our customers. You will design test plans, manage test data, and integrate testing into our CI/CD pipelines. This role requires a meticulous eye for detail and the ability to think like a user to identify edge cases and potential failure points. We offer competitive benefits and a remote-friendly culture.",,"Selenium, Cypress, Jest, Manual Testing, API Testing, Load Testing"
94,Cybersecurity Analyst,Cognizant India,"Kolkata, West Bengal",$131K - $191K,Full-time,"Protect the organization's digital assets from internal and external threats. Monitor for security breaches, conduct vulnerability assessments using industry-standard tools, and implement robust security protocols. You will be responsible for incident response and ensuring that our systems comply with security standards and regulations. Looking for a self-motivated individual who loves solving complex problems.",,"Network Security, Penetration Testing, SIEM, Incident Response, Compliance"
95,iOS Developer,L&T Infotech,"Gurugram, Haryana",$121K - $187K,Full-time,"We are seeking an iOS expert to lead our mobile development efforts on Apple platforms. You will architect complex apps using modern patterns like MVVM, manage data persistence with Core Data, and ensure seamless networking. A passion for detail and a commitment to providing a world-class user experience are required. Be part of a diverse team pushing technological boundaries.",,"Swift, SwiftUI, Objective-C, Core Data, XCode, iOS SDK"
96,Cloud Architect,Google India,"Ahmedabad, Gujarat",$146K - $185K,Full-time,Architect the foundations of our multi-cloud ecosystem. You will focus on building resilient and secure environments using infrastructure as code and modern devsecops practices. Your goal is to provide a scalable and performant platform that supports our rapidly growing user base and evolving business needs. Join us to make a real impact.,,"AWS, Azure, Cloud Security, Serverless, Infrastructure as Code"
97,Cybersecurity Analyst,Cognizant India,"Kolkata, West Bengal",$142K - $153K,Remote,"Protect the organization's digital assets from internal and external threats. Monitor for security breaches, conduct vulnerability assessments using industry-standard tools, and implement robust security protocols. You will be responsible for incident response and ensuring that our systems comply with security standards and regulations. Be part of a diverse team pushing technological boundaries.",,"Network Security, Penetration Testing, SIEM, Incident Response, Compliance"
98,Product Manager,Infosys,"Bengaluru, Karnataka",$107K - $183K,Remote,"As a Product Manager, you will be the voice of the customer. You will conduct market research, analyze user feedback, and use data to make informed product decisions. Your goal is to build products that not only solve real problems but also delight our users and drive business growth. Looking for a self-motivated individual who loves solving complex problems.",,"Agile, Product Roadmap, User Stories, Market Research, Data Analytics"
99,QA Engineer,Cognizant India,"Bengaluru, Karnataka",$87K - $158K,Part-time,"Lead our quality assurance efforts to deliver bug-free software to our customers. You will design test plans, manage test data, and integrate testing into our CI/CD pipelines. This role requires a meticulous eye for detail and the ability to think like a user to identify edge cases and potential failure points. Experience with agile methodologies is preferred for this role.",,"Selenium, Cypress, Jest, Manual Testing, API Testing, Load Testing"
100,Cloud Architect,Flipkart,"Noida, Uttar Pradesh",$136K - $191K,Remote,"Design and oversee complex cloud architectures on AWS or Azure. Focus on cost-optimization, disaster recovery, and ensuring systems are built for massive scale. You will provide technical leadership for cloud migrations and ensure that our cloud infrastructure follows industry best practices for security and reliability. We offer competitive benefits and a remote-friendly culture.",,"AWS, Azure, Cloud Security, Serverless, Infrastructure as Code"
101,Software Engineer,Infosys,Remote,$124K - $169K,Full-time,"Join our engineering team to solve complex technical challenges. You will apply software design patterns to build reusable libraries and ensure the long-term maintainability of our codebase. This role requires strong problem-solving skills and the ability to work effectively in a collaborative, agile environment. Be part of a diverse team pushing technological boundaries.",,"Java, C++, Spring Boot, SQL, Design Patterns, Unit Testing"
102,Backend Engineer,Cognizant India,"Noida, Uttar Pradesh",$109K - $176K,Part-time,"Architect and maintain the server-side logic of our cloud-based platforms. You will focus on building RESTful and gRPC APIs, managing relational and NoSQL databases, and ensuring high availability across multiple regions. This role involves deep dives into system performance tuning and implementing comprehensive monitoring solutions. Join us to make a real impact.",,"Node.js, Python, PostgreSQL, Redis, Microservices, gRPC"
103,Machine Learning Engineer,Google India,"Bengaluru, Karnataka",$82K - $185K,Full-time,"Design, build, and deploy machine learning models at scale using PyTorch or TensorFlow. Work on deep learning architectures, feature engineering, and optimizing models for production environments. You will implement MLOps practices to ensure model reproducibility and monitor performance in real-time. Experience with agile methodologies is preferred for this role.",,"PyTorch, TensorFlow, NLP, Computer Vision, MLOps, Model Deployment"
104,Cybersecurity Analyst,Amazon India,"Noida, Uttar Pradesh",$109K - $165K,Remote,"Join our security team to harden our applications and infrastructure against attacks. You will perform penetration testing, manage identity and access control systems, and conduct security awareness training for employees. This role involves staying ahead of the latest threat landscape and proactively implementing defense-in-depth strategies. Looking for a self-motivated individual who loves solving complex problems.",,"Network Security, Penetration Testing, SIEM, Incident Response, Compliance"
105,Data Scientist,Mindtree,"Noida, Uttar Pradesh",$94K - $183K,Part-time,"Help us leverage data to gain a competitive advantage. You will design experiments, build automated reporting dashboards, and develop sophisticated algorithms to understand user behavior. This role requires the ability to translate complex data results into actionable business strategies and product improvements. Looking for a self-motivated individual who loves solving complex problems.",,"Python, R, SQL, Pandas, Scikit-Learn, Data Visualization"
106,Backend Engineer,IBM India,"Pune, Maharashtra",$110K - $167K,Part-time,"Design and implement scalable backend services and APIs using Node.js and Python. Focus on data integrity, system performance, and building robust distributed systems that handle millions of requests. You will be responsible for database schema design, implementing caching strategies, and ensuring the reliability of our core services. Be part of a diverse team pushing technological boundaries.",,"Node.js, Python, PostgreSQL, Redis, Microservices, gRPC"
107,Backend Engineer,Amazon India,"Kolkata, West Bengal",$85K - $161K,Remote,"We are looking for a Backend Engineer to join our core platform team. You will build high-throughput microservices, optimize complex database queries, and implement secure authentication systems. Experience with message brokers like Kafka or Redis is a plus as you will work on event-driven architectures to process data in real-time. We offer competitive benefits and a remote-friendly culture.",,"Node.js, Python, PostgreSQL, Redis, Microservices, gRPC"
108,Backend Engineer,Reliance Digital,Remote,$108K - $152K,Full-time,"Architect and maintain the server-side logic of our cloud-based platforms. You will focus on building RESTful and gRPC APIs, managing relational and NoSQL databases, and ensuring high availability across multiple regions. This role involves deep dives into system performance tuning and implementing comprehensive monitoring solutions. Experience with agile methodologies is preferred for this role.",,"Node.js, Python, PostgreSQL, Redis, Microservices, gRPC"
109,Cybersecurity Analyst,Reliance Digital,"Ahmedabad, Gujarat",$106K - $200K,Remote,"Protect the organization's digital assets from internal and external threats. Monitor for security breaches, conduct vulnerability assessments using industry-standard tools, and implement robust security protocols. You will be responsible for incident response and ensuring that our systems comply with security standards and regulations. Join us to make a real impact.",,"Network Security, Penetration Testing, SIEM, Incident Response, Compliance"
110,iOS Developer,Cognizant India,"Gurugram, Haryana",$106K - $175K,Remote,"We are seeking an iOS expert to lead our mobile development efforts on Apple platforms. You will architect complex apps using modern patterns like MVVM, manage data persistence with Core Data, and ensure seamless networking. A passion for detail and a commitment to providing a world-class user experience are required. Join us to make a real impact.",,"Swift, SwiftUI, Objective-C, Core Data, XCode, iOS SDK"
111,UI/UX Designer,Cognizant India,"Ahmedabad, Gujarat",$123K - $158K,Remote,Drive the design vision of our platform. You will be responsible for creating a cohesive design system that scales across multiple products and platforms. Strong communication skills are essential as you will present your design decisions to stakeholders and work closely with engineering to bring them to life. Be part of a diverse team pushing technological boundaries.,,"Figma, Adobe XD, User Research, Prototyping, Wireframing, Visual Design"
112,QA Engineer,Tech Mahindra,"Hyderabad, Telangana",$140K - $196K,Remote,"Ensure the highest quality of software products through comprehensive automated and manual testing. Develop automated test suites using Selenium or Cypress, perform regression testing, and track bug reports from identification to resolution. You will be the advocate for quality throughout the development process. We offer competitive benefits and a remote-friendly culture.",,"Selenium, Cypress, Jest, Manual Testing, API Testing, Load Testing"
113,Machine Learning Engineer,Reliance Digital,"Bengaluru, Karnataka",$118K - $160K,Part-time,"As an ML Engineer, you will bridge the gap between research and production. You will take prototype models and turn them into scalable, high-performance services. This involves optimizing inference latency, managing large datasets for training, and building automated retraining pipelines. Join us to make a real impact.",,"PyTorch, TensorFlow, NLP, Computer Vision, MLOps, Model Deployment"
114,Cloud Architect,Amazon India,"Gurugram, Haryana",$120K - $196K,Remote,Architect the foundations of our multi-cloud ecosystem. You will focus on building resilient and secure environments using infrastructure as code and modern devsecops practices. Your goal is to provide a scalable and performant platform that supports our rapidly growing user base and evolving business needs. Be part of a diverse team pushing technological boundaries.,,"AWS, Azure, Cloud Security, Serverless, Infrastructure as Code"
115,Data Scientist,Amazon India,"Pune, Maharashtra",$100K - $179K,Part-time,"Extract meaningful insights from complex datasets using Python and R. Apply statistical modeling and machine learning techniques to solve business problems and drive data-driven decision making. You will be responsible for data cleaning, exploratory analysis, and presenting findings to stakeholders. Be part of a diverse team pushing technological boundaries.",,"Python, R, SQL, Pandas, Scikit-Learn, Data Visualization"
116,iOS Developer,HCL Technologies,"Pune, Maharashtra",$129K - $173K,Full-time,"We are seeking an iOS expert to lead our mobile development efforts on Apple platforms. You will architect complex apps using modern patterns like MVVM, manage data persistence with Core Data, and ensure seamless networking. A passion for detail and a commitment to providing a world-class user experience are required. Be part of a diverse team pushing technological boundaries.",,"Swift, SwiftUI, Objective-C, Core Data, XCode, iOS SDK"
117,Machine Learning Engineer,Infosys,"Gurugram, Haryana",$119K - $154K,Remote,Join our AI team to solve challenging problems in computer vision and NLP. You will research state-of-the-art algorithms and adapt them to our specific use cases. The role requires strong software engineering skills to integrate ML models into our existing software ecosystem while ensuring scalability and reliability. Join us to make a real impact.,,"PyTorch, TensorFlow, NLP, Computer Vision, MLOps, Model Deployment"
118,UI/UX Designer,Capgemini India,"Mumbai, Maharashtra",$129K - $177K,Part-time,"Design intuitive and beautiful user experiences for our web and mobile applications. Conduct user research, create high-fidelity prototypes in Figma, and collaborate with developers to ensure faithful implementation of your designs. You will define the visual language and interaction patterns for our entire product suite. Be part of a diverse team pushing technological boundaries.",,"Figma, Adobe XD, User Research, Prototyping, Wireframing, Visual Design"
119,Android Developer,Reliance Digital,"Pune, Maharashtra",$129K - $175K,Part-time,"We are seeking an Android enthusiast to build high-performance mobile apps. You will use the latest Android SDK features, implement reactive programming patterns with Coroutines and Flow, and ensure our apps are responsive and stable. Experience with modular architecture and automated testing on Android is a plus. Looking for a self-motivated individual who loves solving complex problems.",,"Kotlin, Java, Jetpack Compose, Android SDK, Retrofit, Coroutines"
120,iOS Developer,Tech Mahindra,"Bengaluru, Karnataka",$118K - $183K,Remote,"Develop sophisticated iOS apps that our users love. You will focus on smooth animations, efficient memory management, and integrating with hardware sensors and APIs. This role involves participating in design sprints and contributing to the overall product strategy from a mobile-first perspective. Be part of a diverse team pushing technological boundaries.",,"Swift, SwiftUI, Objective-C, Core Data, XCode, iOS SDK"
121,iOS Developer,Infosys,"Ahmedabad, Gujarat",$105K - $157K,Part-time,"Build premium iOS applications for iPhone and iPad using Swift and SwiftUI. Focus on elegant code, Apple's Human Interface Guidelines, and integrating with advanced iOS features like Widgets and Core ML. You will ensure our apps are responsive, accessible, and take full advantage of the latest iOS capabilities. Looking for a self-motivated individual who loves solving complex problems.",,"Swift, SwiftUI, Objective-C, Core Data, XCode, iOS SDK"
122,Full Stack Developer,HCL Technologies,"Jaipur, Rajasthan",$137K - $198K,Part-time,"We are seeking a Full Stack Developer to build modern web solutions. You will work on both the client and server sides, implementing responsive designs and scalable API services. This role requires versatility and the ability to switch contexts quickly while maintaining high code quality and architectural integrity. Join us to make a real impact.",,"React, Node.js, MongoDB, Express.js, GraphQL, AWS"
123,Mobile App Developer,Tech Mahindra,"Noida, Uttar Pradesh",$133K - $196K,Full-time,"Architect and build cross-platform mobile solutions that delight users. You will focus on pixel-perfect UI implementation, optimizing app startup times, and managing complex application states. This role involves working closely with UX designers to push the boundaries of mobile interaction design. Be part of a diverse team pushing technological boundaries.",,"React Native, Flutter, Firebase, Mobile UI Design, App Store Optimization"
124,iOS Developer,Tech Mahindra,"Ahmedabad, Gujarat",$114K - $150K,Part-time,"Build premium iOS applications for iPhone and iPad using Swift and SwiftUI. Focus on elegant code, Apple's Human Interface Guidelines, and integrating with advanced iOS features like Widgets and Core ML. You will ensure our apps are responsive, accessible, and take full advantage of the latest iOS capabilities. Join us to make a real impact.",,"Swift, SwiftUI, Objective-C, Core Data, XCode, iOS SDK"
125,UI/UX Designer,Flipkart,"Chennai, Tamil Nadu",$135K - $151K,Part-time,"We are seeking a UI/UX Designer who can balance aesthetics with usability. You will create user flows, wireframes, and final mockups that solve complex user problems simply. This role involves constant iteration based on user feedback and data, ensuring our products are always evolving to meet user needs. Be part of a diverse team pushing technological boundaries.",,"Figma, Adobe XD, User Research, Prototyping, Wireframing, Visual Design"
126,Full Stack Developer,Google India,"Bengaluru, Karnataka",$126K - $150K,Part-time,"Build full-featured applications from the ground up. You will architect database schemas, develop robust backend services, and create dynamic user interfaces. Collaboration is key as you will work with product managers to translate requirements into fully functional technical solutions across all layers of the stack. Join us to make a real impact.",,"React, Node.js, MongoDB, Express.js, GraphQL, AWS"
127,Software Engineer,L&T Infotech,Remote,$102K - $190K,Part-time,"Generalist software engineering role focusing on writing clean, maintainable, and efficient code in Java or C++. Participate in the full software development lifecycle from requirements to deployment. You will work on a variety of projects, from core business logic to internal tools and infrastructure components. We offer competitive benefits and a remote-friendly culture.",,"Java, C++, Spring Boot, SQL, Design Patterns, Unit Testing"
128,UI/UX Designer,Capgemini India,"Kolkata, West Bengal",$139K - $175K,Remote,"We are seeking a UI/UX Designer who can balance aesthetics with usability. You will create user flows, wireframes, and final mockups that solve complex user problems simply. This role involves constant iteration based on user feedback and data, ensuring our products are always evolving to meet user needs. Join us to make a real impact.",,"Figma, Adobe XD, User Research, Prototyping, Wireframing, Visual Design"
129,Cybersecurity Analyst,Amazon India,"Noida, Uttar Pradesh",$104K - $186K,Remote,"Ensure the integrity and confidentiality of our data across all platforms. You will design and implement security architectures, manage SIEM systems for real-time monitoring, and oversee our security compliance programs. This role requires a deep understanding of network security, encryption, and modern security operations. We offer competitive benefits and a remote-friendly culture.",,"Network Security, Penetration Testing, SIEM, Incident Response, Compliance"
130,Backend Engineer,Microsoft India,"Bengaluru, Karnataka",$97K - $168K,Remote,"Design and implement scalable backend services and APIs using Node.js and Python. Focus on data integrity, system performance, and building robust distributed systems that handle millions of requests. You will be responsible for database schema design, implementing caching strategies, and ensuring the reliability of our core services. Be part of a diverse team pushing technological boundaries.",,"Node.js, Python, PostgreSQL, Redis, Microservices, gRPC"
131,Backend Engineer,IBM India,"Hyderabad, Telangana",$101K - $193K,Full-time,"We are looking for a Backend Engineer to join our core platform team. You will build high-throughput microservices, optimize complex database queries, and implement secure authentication systems. Experience with message brokers like Kafka or Redis is a plus as you will work on event-driven architectures to process data in real-time. Join us to make a real impact.",,"Node.js, Python, PostgreSQL, Redis, Microservices, gRPC"
132,Software Engineer,Amazon India,Remote,$108K - $159K,Part-time,"We are looking for a Software Engineer who is passionate about technical excellence. You will contribute to architecture discussions, implement high-quality features, and help improve our engineering processes. Versatility and a willingness to learn new technologies are more important than deep expertise in a single stack. Experience with agile methodologies is preferred for this role.",,"Java, C++, Spring Boot, SQL, Design Patterns, Unit Testing"
133,Machine Learning Engineer,Mindtree,"Pune, Maharashtra",$144K - $178K,Part-time,"Design, build, and deploy machine learning models at scale using PyTorch or TensorFlow. Work on deep learning architectures, feature engineering, and optimizing models for production environments. You will implement MLOps practices to ensure model reproducibility and monitor performance in real-time. Looking for a self-motivated individual who loves solving complex problems.",,"PyTorch, TensorFlow, NLP, Computer Vision, MLOps, Model Deployment"
134,Cybersecurity Analyst,Amazon India,"Kolkata, West Bengal",$91K - $160K,Remote,"Join our security team to harden our applications and infrastructure against attacks. You will perform penetration testing, manage identity and access control systems, and conduct security awareness training for employees. This role involves staying ahead of the latest threat landscape and proactively implementing defense-in-depth strategies. Be part of a diverse team pushing technological boundaries.",,"Network Security, Penetration Testing, SIEM, Incident Response, Compliance"
135,Cybersecurity Analyst,HCL Technologies,"Mumbai, Maharashtra",$96K - $188K,Full-time,"Ensure the integrity and confidentiality of our data across all platforms. You will design and implement security architectures, manage SIEM systems for real-time monitoring, and oversee our security compliance programs. This role requires a deep understanding of network security, encryption, and modern security operations. Looking for a self-motivated individual who loves solving complex problems.",,"Network Security, Penetration Testing, SIEM, Incident Response, Compliance"
136,Backend Engineer,IBM India,"Jaipur, Rajasthan",$132K - $176K,Full-time,"Design and implement scalable backend services and APIs using Node.js and Python. Focus on data integrity, system performance, and building robust distributed systems that handle millions of requests. You will be responsible for database schema design, implementing caching strategies, and ensuring the reliability of our core services. Be part of a diverse team pushing technological boundaries.",,"Node.js, Python, PostgreSQL, Redis, Microservices, gRPC"
137,Product Manager,Flipkart,"Jaipur, Rajasthan",$90K - $150K,Remote,"As a Product Manager, you will be the voice of the customer. You will conduct market research, analyze user feedback, and use data to make informed product decisions. Your goal is to build products that not only solve real problems but also delight our users and drive business growth. Looking for a self-motivated individual who loves solving complex problems.",,"Agile, Product Roadmap, User Stories, Market Research, Data Analytics"
138,Full Stack Developer,IBM India,"Noida, Uttar Pradesh",$114K - $153K,Remote,"Build full-featured applications from the ground up. You will architect database schemas, develop robust backend services, and create dynamic user interfaces. Collaboration is key as you will work with product managers to translate requirements into fully functional technical solutions across all layers of the stack. Join us to make a real impact.",,"React, Node.js, MongoDB, Express.js, GraphQL, AWS"
139,Product Manager,HCL Technologies,"Hyderabad, Telangana",$138K - $164K,Remote,"Define the product vision and strategy for our core features. Work closely with engineering, design, and business teams to prioritize the roadmap and deliver maximum value to users. You will be responsible for gathering requirements, writing user stories, and managing the product lifecycle from concept to launch. We offer competitive benefits and a remote-friendly culture.",,"Agile, Product Roadmap, User Stories, Market Research, Data Analytics"
140,Backend Engineer,Reliance Digital,"Mumbai, Maharashtra",$139K - $171K,Full-time,"We are looking for a Backend Engineer to join our core platform team. You will build high-throughput microservices, optimize complex database queries, and implement secure authentication systems. Experience with message brokers like Kafka or Redis is a plus as you will work on event-driven architectures to process data in real-time. We offer competitive benefits and a remote-friendly culture.",,"Node.js, Python, PostgreSQL, Redis, Microservices, gRPC"
141,iOS Developer,Infosys,"Ahmedabad, Gujarat",$149K - $197K,Full-time,"Develop sophisticated iOS apps that our users love. You will focus on smooth animations, efficient memory management, and integrating with hardware sensors and APIs. This role involves participating in design sprints and contributing to the overall product strategy from a mobile-first perspective. Looking for a self-motivated individual who loves solving complex problems.",,"Swift, SwiftUI, Objective-C, Core Data, XCode, iOS SDK"
142,Machine Learning Engineer,L&T Infotech,"Pune, Maharashtra",$97K - $200K,Part-time,"Design, build, and deploy machine learning models at scale using PyTorch or TensorFlow. Work on deep learning architectures, feature engineering, and optimizing models for production environments. You will implement MLOps practices to ensure model reproducibility and monitor performance in real-time. Be part of a diverse team pushing technological boundaries.",,"PyTorch, TensorFlow, NLP, Computer Vision, MLOps, Model Deployment"
143,Product Manager,Google India,"Hyderabad, Telangana",$140K - $165K,Part-time,"As a Product Manager, you will be the voice of the customer. You will conduct market research, analyze user feedback, and use data to make informed product decisions. Your goal is to build products that not only solve real problems but also delight our users and drive business growth. Join us to make a real impact.",,"Agile, Product Roadmap, User Stories, Market Research, Data Analytics"
144,Business Analyst,Amazon India,"Noida, Uttar Pradesh",$90K - $157K,Remote,"Help us optimize our operations through data-driven analysis. You will identify areas for process improvement, develop business cases for new initiatives, and measure the impact of our technical solutions. This role requires a deep understanding of our business domain and the ability to use data to drive strategic decisions. Join us to make a real impact.",,"SQL, Tableau, Excel, Requirement Gathering, Process Improvement"
145,iOS Developer,Google India,"Gurugram, Haryana",$106K - $176K,Part-time,"Build premium iOS applications for iPhone and iPad using Swift and SwiftUI. Focus on elegant code, Apple's Human Interface Guidelines, and integrating with advanced iOS features like Widgets and Core ML. You will ensure our apps are responsive, accessible, and take full advantage of the latest iOS capabilities. Experience with agile methodologies is preferred for this role.",,"Swift, SwiftUI, Objective-C, Core Data, XCode, iOS SDK"
146,Mobile App Developer,Tata Consultancy Services,"Hyderabad, Telangana",$119K - $185K,Remote,"Join our mobile team to create engaging user experiences on smartphones and tablets. You will build feature-rich applications, implement offline sync capabilities, and ensure our mobile products are stable and secure. Experience with mobile CI/CD and publishing to App Store and Google Play is required. Be part of a diverse team pushing technological boundaries.",,"React Native, Flutter, Firebase, Mobile UI Design, App Store Optimization"
147,DevOps Engineer,Amazon India,"Noida, Uttar Pradesh",$97K - $188K,Remote,"Join our DevOps team to build and maintain the foundations of our software delivery platform. You will focus on building automated testing environments, implementing centralized logging and tracing, and ensuring our developer experience is world-class through efficient tooling and automation. Join us to make a real impact.",,"AWS, Docker, Kubernetes, Terraform, Jenkins, Monitoring"
148,Mobile App Developer,Wipro,"Jaipur, Rajasthan",$143K - $196K,Part-time,"Develop high-quality mobile applications for both iOS and Android platforms using React Native or Flutter. Focus on performance, smooth animations, and delivering a native-like experience. You will be responsible for integrating with native APIs and ensuring our apps are optimized for a wide range of devices. Looking for a self-motivated individual who loves solving complex problems.",,"React Native, Flutter, Firebase, Mobile UI Design, App Store Optimization"
149,Mobile App Developer,HCL Technologies,Remote,$141K - $173K,Remote,"Join our mobile team to create engaging user experiences on smartphones and tablets. You will build feature-rich applications, implement offline sync capabilities, and ensure our mobile products are stable and secure. Experience with mobile CI/CD and publishing to App Store and Google Play is required. Experience with agile methodologies is preferred for this role.",,"React Native, Flutter, Firebase, Mobile UI Design, App Store Optimization"
150,Backend Engineer,Tech Mahindra,"Chennai, Tamil Nadu",$105K - $170K,Full-time,"Architect and maintain the server-side logic of our cloud-based platforms. You will focus on building RESTful and gRPC APIs, managing relational and NoSQL databases, and ensuring high availability across multiple regions. This role involves deep dives into system performance tuning and implementing comprehensive monitoring solutions. Experience with agile methodologies is preferred for this role.",,"Node.js, Python, PostgreSQL, Redis, Microservices, gRPC"
151,Cybersecurity Analyst,IBM India,"Kolkata, West Bengal",$119K - $161K,Full-time,"Protect the organization's digital assets from internal and external threats. Monitor for security breaches, conduct vulnerability assessments using industry-standard tools, and implement robust security protocols. You will be responsible for incident response and ensuring that our systems comply with security standards and regulations. Join us to make a real impact.",,"Network Security, Penetration Testing, SIEM, Incident Response, Compliance"
152,Cybersecurity Analyst,Wipro,"Noida, Uttar Pradesh",$138K - $155K,Remote,"Join our security team to harden our applications and infrastructure against attacks. You will perform penetration testing, manage identity and access control systems, and conduct security awareness training for employees. This role involves staying ahead of the latest threat landscape and proactively implementing defense-in-depth strategies. Join us to make a real impact.",,"Network Security, Penetration Testing, SIEM, Incident Response, Compliance"
153,Product Manager,Capgemini India,"Hyderabad, Telangana",$125K - $189K,Remote,"Lead cross-functional teams to build and ship impactful features. You will manage stakeholders, navigate technical constraints, and ensure that our products are aligned with the overall company strategy. This role requires strong leadership, excellent communication, and a deep understanding of the agile development process. Be part of a diverse team pushing technological boundaries.",,"Agile, Product Roadmap, User Stories, Market Research, Data Analytics"
154,UI/UX Designer,Microsoft India,"Ahmedabad, Gujarat",$116K - $153K,Part-time,"Design intuitive and beautiful user experiences for our web and mobile applications. Conduct user research, create high-fidelity prototypes in Figma, and collaborate with developers to ensure faithful implementation of your designs. You will define the visual language and interaction patterns for our entire product suite. Looking for a self-motivated individual who loves solving complex problems.",,"Figma, Adobe XD, User Research, Prototyping, Wireframing, Visual Design"
155,Software Engineer,Amazon India,"Bengaluru, Karnataka",$107K - $177K,Remote,"Join our engineering team to solve complex technical challenges. You will apply software design patterns to build reusable libraries and ensure the long-term maintainability of our codebase. This role requires strong problem-solving skills and the ability to work effectively in a collaborative, agile environment. Join us to make a real impact.",,"Java, C++, Spring Boot, SQL, Design Patterns, Unit Testing"
156,Software Engineer,Capgemini India,"Hyderabad, Telangana",$85K - $184K,Part-time,"We are looking for a Software Engineer who is passionate about technical excellence. You will contribute to architecture discussions, implement high-quality features, and help improve our engineering processes. Versatility and a willingness to learn new technologies are more important than deep expertise in a single stack. We offer competitive benefits and a remote-friendly culture.",,"Java, C++, Spring Boot, SQL, Design Patterns, Unit Testing"
157,Senior Frontend Developer,Google India,"Bengaluru, Karnataka",$122K - $178K,Full-time,"Lead the development of high-performance user interfaces using modern React ecosystems. Responsibilities include architecting frontend solutions, mentoring junior developers, and ensuring seamless UX across all devices. You will work closely with design teams to implement pixel-perfect components and optimize web performance for millions of global users. Join us to make a real impact.",,"React, TypeScript, Next.js, Tailwind CSS, Redux, Web Performance"
158,Machine Learning Engineer,L&T Infotech,"Hyderabad, Telangana",$148K - $177K,Part-time,"As an ML Engineer, you will bridge the gap between research and production. You will take prototype models and turn them into scalable, high-performance services. This involves optimizing inference latency, managing large datasets for training, and building automated retraining pipelines. We offer competitive benefits and a remote-friendly culture.",,"PyTorch, TensorFlow, NLP, Computer Vision, MLOps, Model Deployment"
159,Android Developer,Tech Mahindra,"Mumbai, Maharashtra",$137K - $164K,Remote,"Join our mobile team to build engaging Android products that reach millions of users. You will work on feature-rich apps, optimize app startup times and battery usage, and ensure compatibility across a wide range of devices and OS versions. This role involves collaborating with product and design teams to deliver polished, user-centric features. Looking for a self-motivated individual who loves solving complex problems.",,"Kotlin, Java, Jetpack Compose, Android SDK, Retrofit, Coroutines"
160,Senior Frontend Developer,Capgemini India,"Kolkata, West Bengal",$95K - $194K,Part-time,"Lead the development of high-performance user interfaces using modern React ecosystems. Responsibilities include architecting frontend solutions, mentoring junior developers, and ensuring seamless UX across all devices. You will work closely with design teams to implement pixel-perfect components and optimize web performance for millions of global users. Join us to make a real impact.",,"React, TypeScript, Next.js, Tailwind CSS, Redux, Web Performance"
161,Software Engineer,Cognizant India,"Mumbai, Maharashtra",$109K - $163K,Full-time,"Join our engineering team to solve complex technical challenges. You will apply software design patterns to build reusable libraries and ensure the long-term maintainability of our codebase. This role requires strong problem-solving skills and the ability to work effectively in a collaborative, agile environment. Be part of a diverse team pushing technological boundaries.",,"Java, C++, Spring Boot, SQL, Design Patterns, Unit Testing"
162,Business Analyst,Infosys,"Hyderabad, Telangana",$124K - $185K,Part-time,"Help us optimize our operations through data-driven analysis. You will identify areas for process improvement, develop business cases for new initiatives, and measure the impact of our technical solutions. This role requires a deep understanding of our business domain and the ability to use data to drive strategic decisions. Be part of a diverse team pushing technological boundaries.",,"SQL, Tableau, Excel, Requirement Gathering, Process Improvement"
163,iOS Developer,Cognizant India,"Gurugram, Haryana",$145K - $193K,Remote,"Build premium iOS applications for iPhone and iPad using Swift and SwiftUI. Focus on elegant code, Apple's Human Interface Guidelines, and integrating with advanced iOS features like Widgets and Core ML. You will ensure our apps are responsive, accessible, and take full advantage of the latest iOS capabilities. Experience with agile methodologies is preferred for this role.",,"Swift, SwiftUI, Objective-C, Core Data, XCode, iOS SDK"
164,iOS Developer,Infosys,"Kolkata, West Bengal",$147K - $180K,Part-time,"We are seeking an iOS expert to lead our mobile development efforts on Apple platforms. You will architect complex apps using modern patterns like MVVM, manage data persistence with Core Data, and ensure seamless networking. A passion for detail and a commitment to providing a world-class user experience are required. Be part of a diverse team pushing technological boundaries.",,"Swift, SwiftUI, Objective-C, Core Data, XCode, iOS SDK"
165,Machine Learning Engineer,Amazon India,"Mumbai, Maharashtra",$133K - $188K,Remote,Join our AI team to solve challenging problems in computer vision and NLP. You will research state-of-the-art algorithms and adapt them to our specific use cases. The role requires strong software engineering skills to integrate ML models into our existing software ecosystem while ensuring scalability and reliability. Experience with agile methodologies is preferred for this role.,,"PyTorch, TensorFlow, NLP, Computer Vision, MLOps, Model Deployment"
166,Product Manager,Cognizant India,"Kolkata, West Bengal",$106K - $189K,Full-time,"Define the product vision and strategy for our core features. Work closely with engineering, design, and business teams to prioritize the roadmap and deliver maximum value to users. You will be responsible for gathering requirements, writing user stories, and managing the product lifecycle from concept to launch. Experience with agile methodologies is preferred for this role.",,"Agile, Product Roadmap, User Stories, Market Research, Data Analytics"
167,Full Stack Developer,Reliance Digital,"Ahmedabad, Gujarat",$83K - $179K,Full-time,"We are seeking a Full Stack Developer to build modern web solutions. You will work on both the client and server sides, implementing responsive designs and scalable API services. This role requires versatility and the ability to switch contexts quickly while maintaining high code quality and architectural integrity. Join us to make a real impact.",,"React, Node.js, MongoDB, Express.js, GraphQL, AWS"
168,QA Engineer,Wipro,"Ahmedabad, Gujarat",$96K - $183K,Remote,"Lead our quality assurance efforts to deliver bug-free software to our customers. You will design test plans, manage test data, and integrate testing into our CI/CD pipelines. This role requires a meticulous eye for detail and the ability to think like a user to identify edge cases and potential failure points. Experience with agile methodologies is preferred for this role.",,"Selenium, Cypress, Jest, Manual Testing, API Testing, Load Testing"
169,Cybersecurity Analyst,Wipro,"Gurugram, Haryana",$140K - $180K,Full-time,"Protect the organization's digital assets from internal and external threats. Monitor for security breaches, conduct vulnerability assessments using industry-standard tools, and implement robust security protocols. You will be responsible for incident response and ensuring that our systems comply with security standards and regulations. Join us to make a real impact.",,"Network Security, Penetration Testing, SIEM, Incident Response, Compliance"
170,UI/UX Designer,Infosys,"Gurugram, Haryana",$146K - $199K,Remote,"We are seeking a UI/UX Designer who can balance aesthetics with usability. You will create user flows, wireframes, and final mockups that solve complex user problems simply. This role involves constant iteration based on user feedback and data, ensuring our products are always evolving to meet user needs. Looking for a self-motivated individual who loves solving complex problems.",,"Figma, Adobe XD, User Research, Prototyping, Wireframing, Visual Design"
171,Android Developer,IBM India,"Mumbai, Maharashtra",$134K - $152K,Part-time,"Join our mobile team to build engaging Android products that reach millions of users. You will work on feature-rich apps, optimize app startup times and battery usage, and ensure compatibility across a wide range of devices and OS versions. This role involves collaborating with product and design teams to deliver polished, user-centric features. Experience with agile methodologies is preferred for this role.",,"Kotlin, Java, Jetpack Compose, Android SDK, Retrofit, Coroutines"
172,iOS Developer,Flipkart,"Kolkata, West Bengal",$113K - $155K,Remote,"Build premium iOS applications for iPhone and iPad using Swift and SwiftUI. Focus on elegant code, Apple's Human Interface Guidelines, and integrating with advanced iOS features like Widgets and Core ML. You will ensure our apps are responsive, accessible, and take full advantage of the latest iOS capabilities. Experience with agile methodologies is preferred for this role.",,"Swift, SwiftUI, Objective-C, Core Data, XCode, iOS SDK"
173,Android Developer,IBM India,"Jaipur, Rajasthan",$93K - $197K,Remote,"We are seeking an Android enthusiast to build high-performance mobile apps. You will use the latest Android SDK features, implement reactive programming patterns with Coroutines and Flow, and ensure our apps are responsive and stable. Experience with modular architecture and automated testing on Android is a plus. Be part of a diverse team pushing technological boundaries.",,"Kotlin, Java, Jetpack Compose, Android SDK, Retrofit, Coroutines"
174,Mobile App Developer,Flipkart,"Hyderabad, Telangana",$125K - $179K,Part-time,"Architect and build cross-platform mobile solutions that delight users. You will focus on pixel-perfect UI implementation, optimizing app startup times, and managing complex application states. This role involves working closely with UX designers to push the boundaries of mobile interaction design. Looking for a self-motivated individual who loves solving complex problems.",,"React Native, Flutter, Firebase, Mobile UI Design, App Store Optimization"
175,Backend Engineer,IBM India,"Bengaluru, Karnataka",$146K - $186K,Full-time,"Design and implement scalable backend services and APIs using Node.js and Python. Focus on data integrity, system performance, and building robust distributed systems that handle millions of requests. You will be responsible for database schema design, implementing caching strategies, and ensuring the reliability of our core services. Looking for a self-motivated individual who loves solving complex problems.",,"Node.js, Python, PostgreSQL, Redis, Microservices, gRPC"
176,Cybersecurity Analyst,IBM India,"Ahmedabad, Gujarat",$124K - $172K,Remote,"Join our security team to harden our applications and infrastructure against attacks. You will perform penetration testing, manage identity and access control systems, and conduct security awareness training for employees. This role involves staying ahead of the latest threat landscape and proactively implementing defense-in-depth strategies. Join us to make a real impact.",,"Network Security, Penetration Testing, SIEM, Incident Response, Compliance"
177,Android Developer,Wipro,"Bengaluru, Karnataka",$133K - $159K,Full-time,"Join our mobile team to build engaging Android products that reach millions of users. You will work on feature-rich apps, optimize app startup times and battery usage, and ensure compatibility across a wide range of devices and OS versions. This role involves collaborating with product and design teams to deliver polished, user-centric features. Be part of a diverse team pushing technological boundaries.",,"Kotlin, Java, Jetpack Compose, Android SDK, Retrofit, Coroutines"
178,Business Analyst,Tata Consultancy Services,"Noida, Uttar Pradesh",$133K - $183K,Part-time,"Bridge the gap between business needs and technical solutions. Analyze business processes, gather detailed requirements, and provide data-backed recommendations to improve efficiency. You will work with stakeholders across the company to ensure that our technical projects are aligned with business objectives. Experience with agile methodologies is preferred for this role.",,"SQL, Tableau, Excel, Requirement Gathering, Process Improvement"
179,Mobile App Developer,Flipkart,"Bengaluru, Karnataka",$97K - $170K,Full-time,"Join our mobile team to create engaging user experiences on smartphones and tablets. You will build feature-rich applications, implement offline sync capabilities, and ensure our mobile products are stable and secure. Experience with mobile CI/CD and publishing to App Store and Google Play is required. Looking for a self-motivated individual who loves solving complex problems.",,"React Native, Flutter, Firebase, Mobile UI Design, App Store Optimization"
180,Android Developer,Tech Mahindra,"Noida, Uttar Pradesh",$120K - $173K,Remote,"Join our mobile team to build engaging Android products that reach millions of users. You will work on feature-rich apps, optimize app startup times and battery usage, and ensure compatibility across a wide range of devices and OS versions. This role involves collaborating with product and design teams to deliver polished, user-centric features. We offer competitive benefits and a remote-friendly culture.",,"Kotlin, Java, Jetpack Compose, Android SDK, Retrofit, Coroutines"
181,Mobile App Developer,Wipro,"Kolkata, West Bengal",$92K - $179K,Remote,"Develop high-quality mobile applications for both iOS and Android platforms using React Native or Flutter. Focus on performance, smooth animations, and delivering a native-like experience. You will be responsible for integrating with native APIs and ensuring our apps are optimized for a wide range of devices. Experience with agile methodologies is preferred for this role.",,"React Native, Flutter, Firebase, Mobile UI Design, App Store Optimization"
182,Senior Frontend Developer,Tech Mahindra,"Kolkata, West Bengal",$83K - $194K,Part-time,"As a Senior Frontend Developer, you will drive the technical direction of our client-side applications. We are looking for an expert in React and TypeScript who can build scalable architectures and lead complex feature implementations. You will be responsible for setting coding standards, performing code reviews, and collaborating with backend engineers to define efficient API contracts. We offer competitive benefits and a remote-friendly culture.",,"React, TypeScript, Next.js, Tailwind CSS, Redux, Web Performance"
183,Business Analyst,IBM India,"Noida, Uttar Pradesh",$89K - $173K,Full-time,"Help us optimize our operations through data-driven analysis. You will identify areas for process improvement, develop business cases for new initiatives, and measure the impact of our technical solutions. This role requires a deep understanding of our business domain and the ability to use data to drive strategic decisions. We offer competitive benefits and a remote-friendly culture.",,"SQL, Tableau, Excel, Requirement Gathering, Process Improvement"
184,UI/UX Designer,IBM India,"Chennai, Tamil Nadu",$109K - $168K,Full-time,"Design intuitive and beautiful user experiences for our web and mobile applications. Conduct user research, create high-fidelity prototypes in Figma, and collaborate with developers to ensure faithful implementation of your designs. You will define the visual language and interaction patterns for our entire product suite. Join us to make a real impact.",,"Figma, Adobe XD, User Research, Prototyping, Wireframing, Visual Design"
185,Android Developer,L&T Infotech,"Chennai, Tamil Nadu",$136K - $167K,Part-time,"We are seeking an Android enthusiast to build high-performance mobile apps. You will use the latest Android SDK features, implement reactive programming patterns with Coroutines and Flow, and ensure our apps are responsive and stable. Experience with modular architecture and automated testing on Android is a plus. We offer competitive benefits and a remote-friendly culture.",,"Kotlin, Java, Jetpack Compose, Android SDK, Retrofit, Coroutines"
186,Machine Learning Engineer,Tech Mahindra,"Noida, Uttar Pradesh",$125K - $162K,Remote,Join our AI team to solve challenging problems in computer vision and NLP. You will research state-of-the-art algorithms and adapt them to our specific use cases. The role requires strong software engineering skills to integrate ML models into our existing software ecosystem while ensuring scalability and reliability. Be part of a diverse team pushing technological boundaries.,,"PyTorch, TensorFlow, NLP, Computer Vision, MLOps, Model Deployment"
187,QA Engineer,L&T Infotech,Remote,$93K - $153K,Part-time,"Ensure the highest quality of software products through comprehensive automated and manual testing. Develop automated test suites using Selenium or Cypress, perform regression testing, and track bug reports from identification to resolution. You will be the advocate for quality throughout the development process. Experience with agile methodologies is preferred for this role.",,"Selenium, Cypress, Jest, Manual Testing, API Testing, Load Testing"
188,Business Analyst,Wipro,"Gurugram, Haryana",$86K - $191K,Remote,"As a Business Analyst, you will translate complex business problems into clear technical requirements. You will create process maps, conduct cost-benefit analyses, and work with development teams to ensure successful project delivery. Strong analytical skills and the ability to communicate with both technical and non-technical audiences are key. Looking for a self-motivated individual who loves solving complex problems.",,"SQL, Tableau, Excel, Requirement Gathering, Process Improvement"
189,Backend Engineer,Flipkart,"Bengaluru, Karnataka",$114K - $165K,Full-time,"Architect and maintain the server-side logic of our cloud-based platforms. You will focus on building RESTful and gRPC APIs, managing relational and NoSQL databases, and ensuring high availability across multiple regions. This role involves deep dives into system performance tuning and implementing comprehensive monitoring solutions. Join us to make a real impact.",,"Node.js, Python, PostgreSQL, Redis, Microservices, gRPC"
190,Android Developer,HCL Technologies,"Chennai, Tamil Nadu",$81K - $183K,Part-time,"Develop robust Android applications using Kotlin and modern Jetpack components. Focus on performance, memory management, and implementing Material Design principles to create a premium user experience. You will be responsible for the entire development lifecycle, from UI implementation to integrating with backend APIs. Join us to make a real impact.",,"Kotlin, Java, Jetpack Compose, Android SDK, Retrofit, Coroutines"
191,Cloud Architect,Amazon India,"Gurugram, Haryana",$122K - $181K,Full-time,"We are looking for a Cloud Architect to define our global infrastructure strategy. You will design serverless architectures, implement complex networking solutions, and ensure that our platform is highly available across multiple regions. This role involves mentoring engineering teams on cloud-native development patterns. Join us to make a real impact.",,"AWS, Azure, Cloud Security, Serverless, Infrastructure as Code"
192,Mobile App Developer,Cognizant India,"Jaipur, Rajasthan",$113K - $167K,Part-time,"Architect and build cross-platform mobile solutions that delight users. You will focus on pixel-perfect UI implementation, optimizing app startup times, and managing complex application states. This role involves working closely with UX designers to push the boundaries of mobile interaction design. We offer competitive benefits and a remote-friendly culture.",,"React Native, Flutter, Firebase, Mobile UI Design, App Store Optimization"
193,DevOps Engineer,L&T Infotech,"Hyderabad, Telangana",$98K - $153K,Remote,"Automate infrastructure deployment and management using AWS, Docker, and Kubernetes. Ensure system reliability, scalability, and security through robust CI/CD pipelines and cloud-native practices. You will be responsible for monitoring system health and responding to incidents in our production environment. Experience with agile methodologies is preferred for this role.",,"AWS, Docker, Kubernetes, Terraform, Jenkins, Monitoring"
194,Android Developer,Google India,"Gurugram, Haryana",$117K - $179K,Part-time,"We are seeking an Android enthusiast to build high-performance mobile apps. You will use the latest Android SDK features, implement reactive programming patterns with Coroutines and Flow, and ensure our apps are responsive and stable. Experience with modular architecture and automated testing on Android is a plus. Join us to make a real impact.",,"Kotlin, Java, Jetpack Compose, Android SDK, Retrofit, Coroutines"
195,Senior Frontend Developer,IBM India,"Chennai, Tamil Nadu",$119K - $188K,Part-time,"Join our engineering team to build the next generation of web interfaces. You will focus on building reusable component libraries, implementing advanced state management patterns, and ensuring our applications are accessible and performant. This role requires a deep understanding of browser internals and modern CSS techniques to deliver a premium user experience. We offer competitive benefits and a remote-friendly culture.",,"React, TypeScript, Next.js, Tailwind CSS, Redux, Web Performance"
196,Software Engineer,Capgemini India,"Ahmedabad, Gujarat",$146K - $150K,Remote,"Generalist software engineering role focusing on writing clean, maintainable, and efficient code in Java or C++. Participate in the full software development lifecycle from requirements to deployment. You will work on a variety of projects, from core business logic to internal tools and infrastructure components. Experience with agile methodologies is preferred for this role.",,"Java, C++, Spring Boot, SQL, Design Patterns, Unit Testing"
197,Machine Learning Engineer,HCL Technologies,"Bengaluru, Karnataka",$146K - $155K,Full-time,"As an ML Engineer, you will bridge the gap between research and production. You will take prototype models and turn them into scalable, high-performance services. This involves optimizing inference latency, managing large datasets for training, and building automated retraining pipelines. Join us to make a real impact.",,"PyTorch, TensorFlow, NLP, Computer Vision, MLOps, Model Deployment"
198,Machine Learning Engineer,Reliance Digital,"Ahmedabad, Gujarat",$95K - $171K,Part-time,Join our AI team to solve challenging problems in computer vision and NLP. You will research state-of-the-art algorithms and adapt them to our specific use cases. The role requires strong software engineering skills to integrate ML models into our existing software ecosystem while ensuring scalability and reliability. Looking for a self-motivated individual who loves solving complex problems.,,"PyTorch, TensorFlow, NLP, Computer Vision, MLOps, Model Deployment"
199,Cybersecurity Analyst,L&T Infotech,"Bengaluru, Karnataka",$141K - $179K,Full-time,"Protect the organization's digital assets from internal and external threats. Monitor for security breaches, conduct vulnerability assessments using industry-standard tools, and implement robust security protocols. You will be responsible for incident response and ensuring that our systems comply with security standards and regulations. We offer competitive benefits and a remote-friendly culture.",,"Network Security, Penetration Testing, SIEM, Incident Response, Compliance"
200,DevOps Engineer,Tech Mahindra,"Gurugram, Haryana",$124K - $182K,Remote,"Lead our infrastructure automation efforts to achieve high availability and rapid deployment cycles. You will design and implement infrastructure as code using Terraform, manage container orchestration platforms, and optimize our cloud spending. Experience with security hardening and compliance in the cloud is essential. Looking for a self-motivated individual who loves solving complex problems.",,"AWS, Docker, Kubernetes, Terraform, Jenkins, Monitoring"
201,Business Analyst,Flipkart,"Gurugram, Haryana",$132K - $194K,Part-time,"Help us optimize our operations through data-driven analysis. You will identify areas for process improvement, develop business cases for new initiatives, and measure the impact of our technical solutions. This role requires a deep understanding of our business domain and the ability to use data to drive strategic decisions. Be part of a diverse team pushing technological boundaries.",,"SQL, Tableau, Excel, Requirement Gathering, Process Improvement"
202,Android Developer,Google India,"Pune, Maharashtra",$112K - $176K,Full-time,"Develop robust Android applications using Kotlin and modern Jetpack components. Focus on performance, memory management, and implementing Material Design principles to create a premium user experience. You will be responsible for the entire development lifecycle, from UI implementation to integrating with backend APIs. Join us to make a real impact.",,"Kotlin, Java, Jetpack Compose, Android SDK, Retrofit, Coroutines"
203,DevOps Engineer,Wipro,"Chennai, Tamil Nadu",$113K - $159K,Part-time,"Lead our infrastructure automation efforts to achieve high availability and rapid deployment cycles. You will design and implement infrastructure as code using Terraform, manage container orchestration platforms, and optimize our cloud spending. Experience with security hardening and compliance in the cloud is essential. Be part of a diverse team pushing technological boundaries.",,"AWS, Docker, Kubernetes, Terraform, Jenkins, Monitoring"
204,Machine Learning Engineer,Cognizant India,"Chennai, Tamil Nadu",$105K - $155K,Full-time,Join our AI team to solve challenging problems in computer vision and NLP. You will research state-of-the-art algorithms and adapt them to our specific use cases. The role requires strong software engineering skills to integrate ML models into our existing software ecosystem while ensuring scalability and reliability. Join us to make a real impact.,,"PyTorch, TensorFlow, NLP, Computer Vision, MLOps, Model Deployment"
205,Full Stack Developer,Tata Consultancy Services,"Chennai, Tamil Nadu",$111K - $155K,Part-time,"End-to-end development of web applications using the MERN stack. Handle everything from database design and server-side logic to building interactive frontend components with React. You will be responsible for the entire feature lifecycle, ensuring a cohesive and performant experience across the full application stack. We offer competitive benefits and a remote-friendly culture.",,"React, Node.js, MongoDB, Express.js, GraphQL, AWS"
206,Android Developer,IBM India,"Noida, Uttar Pradesh",$92K - $150K,Remote,"We are seeking an Android enthusiast to build high-performance mobile apps. You will use the latest Android SDK features, implement reactive programming patterns with Coroutines and Flow, and ensure our apps are responsive and stable. Experience with modular architecture and automated testing on Android is a plus. Looking for a self-motivated individual who loves solving complex problems.",,"Kotlin, Java, Jetpack Compose, Android SDK, Retrofit, Coroutines"
207,DevOps Engineer,Flipkart,"Chennai, Tamil Nadu",$117K - $154K,Remote,"Join our DevOps team to build and maintain the foundations of our software delivery platform. You will focus on building automated testing environments, implementing centralized logging and tracing, and ensuring our developer experience is world-class through efficient tooling and automation. We offer competitive benefits and a remote-friendly culture.",,"AWS, Docker, Kubernetes, Terraform, Jenkins, Monitoring"
208,Backend Engineer,Tata Consultancy Services,"Chennai, Tamil Nadu",$101K - $199K,Part-time,"Design and implement scalable backend services and APIs using Node.js and Python. Focus on data integrity, system performance, and building robust distributed systems that handle millions of requests. You will be responsible for database schema design, implementing caching strategies, and ensuring the reliability of our core services. Join us to make a real impact.",,"Node.js, Python, PostgreSQL, Redis, Microservices, gRPC"
209,Data Scientist,Tata Consultancy Services,"Kolkata, West Bengal",$110K - $151K,Full-time,"We are looking for a Data Scientist to build predictive models and recommendation engines. You will work with large-scale data systems, implement feature engineering pipelines, and evaluate model performance in production. Strong mathematical foundation and experience with A/B testing are essential for this role. Be part of a diverse team pushing technological boundaries.",,"Python, R, SQL, Pandas, Scikit-Learn, Data Visualization"
210,QA Engineer,Flipkart,"Jaipur, Rajasthan",$113K - $193K,Remote,"Lead our quality assurance efforts to deliver bug-free software to our customers. You will design test plans, manage test data, and integrate testing into our CI/CD pipelines. This role requires a meticulous eye for detail and the ability to think like a user to identify edge cases and potential failure points. Join us to make a real impact.",,"Selenium, Cypress, Jest, Manual Testing, API Testing, Load Testing"
211,Full Stack Developer,Amazon India,"Chennai, Tamil Nadu",$81K - $185K,Full-time,"End-to-end development of web applications using the MERN stack. Handle everything from database design and server-side logic to building interactive frontend components with React. You will be responsible for the entire feature lifecycle, ensuring a cohesive and performant experience across the full application stack. Join us to make a real impact.",,"React, Node.js, MongoDB, Express.js, GraphQL, AWS"
212,Backend Engineer,L&T Infotech,"Bengaluru, Karnataka",$127K - $188K,Part-time,"We are looking for a Backend Engineer to join our core platform team. You will build high-throughput microservices, optimize complex database queries, and implement secure authentication systems. Experience with message brokers like Kafka or Redis is a plus as you will work on event-driven architectures to process data in real-time. Join us to make a real impact.",,"Node.js, Python, PostgreSQL, Redis, Microservices, gRPC"
213,QA Engineer,Wipro,"Kolkata, West Bengal",$148K - $155K,Full-time,"Lead our quality assurance efforts to deliver bug-free software to our customers. You will design test plans, manage test data, and integrate testing into our CI/CD pipelines. This role requires a meticulous eye for detail and the ability to think like a user to identify edge cases and potential failure points. Join us to make a real impact.",,"Selenium, Cypress, Jest, Manual Testing, API Testing, Load Testing"
214,Mobile App Developer,Microsoft India,"Bengaluru, Karnataka",$134K - $176K,Full-time,"Develop high-quality mobile applications for both iOS and Android platforms using React Native or Flutter. Focus on performance, smooth animations, and delivering a native-like experience. You will be responsible for integrating with native APIs and ensuring our apps are optimized for a wide range of devices. We offer competitive benefits and a remote-friendly culture.",,"React Native, Flutter, Firebase, Mobile UI Design, App Store Optimization"
215,iOS Developer,L&T Infotech,"Jaipur, Rajasthan",$82K - $192K,Remote,"We are seeking an iOS expert to lead our mobile development efforts on Apple platforms. You will architect complex apps using modern patterns like MVVM, manage data persistence with Core Data, and ensure seamless networking. A passion for detail and a commitment to providing a world-class user experience are required. We offer competitive benefits and a remote-friendly culture.",,"Swift, SwiftUI, Objective-C, Core Data, XCode, iOS SDK"
216,Full Stack Developer,L&T Infotech,"Gurugram, Haryana",$105K - $155K,Full-time,"Build full-featured applications from the ground up. You will architect database schemas, develop robust backend services, and create dynamic user interfaces. Collaboration is key as you will work with product managers to translate requirements into fully functional technical solutions across all layers of the stack. Join us to make a real impact.",,"React, Node.js, MongoDB, Express.js, GraphQL, AWS"
217,Software Engineer,Google India,"Jaipur, Rajasthan",$134K - $196K,Part-time,"Generalist software engineering role focusing on writing clean, maintainable, and efficient code in Java or C++. Participate in the full software development lifecycle from requirements to deployment. You will work on a variety of projects, from core business logic to internal tools and infrastructure components. Looking for a self-motivated individual who loves solving complex problems.",,"Java, C++, Spring Boot, SQL, Design Patterns, Unit Testing"
218,Machine Learning Engineer,Google India,"Kolkata, West Bengal",$128K - $160K,Remote,"As an ML Engineer, you will bridge the gap between research and production. You will take prototype models and turn them into scalable, high-performance services. This involves optimizing inference latency, managing large datasets for training, and building automated retraining pipelines. Join us to make a real impact.",,"PyTorch, TensorFlow, NLP, Computer Vision, MLOps, Model Deployment"
219,UI/UX Designer,Google India,"Pune, Maharashtra",$129K - $151K,Remote,Drive the design vision of our platform. You will be responsible for creating a cohesive design system that scales across multiple products and platforms. Strong communication skills are essential as you will present your design decisions to stakeholders and work closely with engineering to bring them to life. Looking for a self-motivated individual who loves solving complex problems.,,"Figma, Adobe XD, User Research, Prototyping, Wireframing, Visual Design"
220,Business Analyst,Microsoft India,"Chennai, Tamil Nadu",$150K - $186K,Part-time,"Bridge the gap between business needs and technical solutions. Analyze business processes, gather detailed requirements, and provide data-backed recommendations to improve efficiency. You will work with stakeholders across the company to ensure that our technical projects are aligned with business objectives. Join us to make a real impact.",,"SQL, Tableau, Excel, Requirement Gathering, Process Improvement"
221,Cloud Architect,Capgemini India,"Hyderabad, Telangana",$100K - $196K,Part-time,"We are looking for a Cloud Architect to define our global infrastructure strategy. You will design serverless architectures, implement complex networking solutions, and ensure that our platform is highly available across multiple regions. This role involves mentoring engineering teams on cloud-native development patterns. We offer competitive benefits and a remote-friendly culture.",,"AWS, Azure, Cloud Security, Serverless, Infrastructure as Code"
222,Software Engineer,Capgemini India,"Mumbai, Maharashtra",$124K - $170K,Part-time,"We are looking for a Software Engineer who is passionate about technical excellence. You will contribute to architecture discussions, implement high-quality features, and help improve our engineering processes. Versatility and a willingness to learn new technologies are more important than deep expertise in a single stack. Be part of a diverse team pushing technological boundaries.",,"Java, C++, Spring Boot, SQL, Design Patterns, Unit Testing"
223,Full Stack Developer,Infosys,"Hyderabad, Telangana",$133K - $193K,Part-time,"End-to-end development of web applications using the MERN stack. Handle everything from database design and server-side logic to building interactive frontend components with React. You will be responsible for the entire feature lifecycle, ensuring a cohesive and performant experience across the full application stack. We offer competitive benefits and a remote-friendly culture.",,"React, Node.js, MongoDB, Express.js, GraphQL, AWS"
224,Product Manager,Tech Mahindra,Remote,$115K - $198K,Remote,"As a Product Manager, you will be the voice of the customer. You will conduct market research, analyze user feedback, and use data to make informed product decisions. Your goal is to build products that not only solve real problems but also delight our users and drive business growth. We offer competitive benefits and a remote-friendly culture.",,"Agile, Product Roadmap, User Stories, Market Research, Data Analytics"
225,Backend Engineer,Amazon India,"Jaipur, Rajasthan",$124K - $184K,Remote,"Architect and maintain the server-side logic of our cloud-based platforms. You will focus on building RESTful and gRPC APIs, managing relational and NoSQL databases, and ensuring high availability across multiple regions. This role involves deep dives into system performance tuning and implementing comprehensive monitoring solutions. Be part of a diverse team pushing technological boundaries.",,"Node.js, Python, PostgreSQL, Redis, Microservices, gRPC"
226,Data Scientist,Mindtree,"Hyderabad, Telangana",$99K - $154K,Part-time,"Extract meaningful insights from complex datasets using Python and R. Apply statistical modeling and machine learning techniques to solve business problems and drive data-driven decision making. You will be responsible for data cleaning, exploratory analysis, and presenting findings to stakeholders. We offer competitive benefits and a remote-friendly culture.",,"Python, R, SQL, Pandas, Scikit-Learn, Data Visualization"
227,Product Manager,Flipkart,"Gurugram, Haryana",$147K - $190K,Part-time,"As a Product Manager, you will be the voice of the customer. You will conduct market research, analyze user feedback, and use data to make informed product decisions. Your goal is to build products that not only solve real problems but also delight our users and drive business growth. Looking for a self-motivated individual who loves solving complex problems.",,"Agile, Product Roadmap, User Stories, Market Research, Data Analytics"
228,Data Scientist,Capgemini India,"Kolkata, West Bengal",$88K - $151K,Part-time,"Help us leverage data to gain a competitive advantage. You will design experiments, build automated reporting dashboards, and develop sophisticated algorithms to understand user behavior. This role requires the ability to translate complex data results into actionable business strategies and product improvements. Experience with agile methodologies is preferred for this role.",,"Python, R, SQL, Pandas, Scikit-Learn, Data Visualization"
229,Backend Engineer,HCL Technologies,Remote,$93K - $156K,Full-time,"Design and implement scalable backend services and APIs using Node.js and Python. Focus on data integrity, system performance, and building robust distributed systems that handle millions of requests. You will be responsible for database schema design, implementing caching strategies, and ensuring the reliability of our core services. Looking for a self-motivated individual who loves solving complex problems.",,"Node.js, Python, PostgreSQL, Redis, Microservices, gRPC"
230,UI/UX Designer,Microsoft India,"Pune, Maharashtra",$128K - $178K,Part-time,"We are seeking a UI/UX Designer who can balance aesthetics with usability. You will create user flows, wireframes, and final mockups that solve complex user problems simply. This role involves constant iteration based on user feedback and data, ensuring our products are always evolving to meet user needs. We offer competitive benefits and a remote-friendly culture.",,"Figma, Adobe XD, User Research, Prototyping, Wireframing, Visual Design"
231,UI/UX Designer,Flipkart,"Jaipur, Rajasthan",$129K - $152K,Remote,Drive the design vision of our platform. You will be responsible for creating a cohesive design system that scales across multiple products and platforms. Strong communication skills are essential as you will present your design decisions to stakeholders and work closely with engineering to bring them to life. Experience with agile methodologies is preferred for this role.,,"Figma, Adobe XD, User Research, Prototyping, Wireframing, Visual Design"
232,DevOps Engineer,Microsoft India,"Hyderabad, Telangana",$136K - $190K,Full-time,"Automate infrastructure deployment and management using AWS, Docker, and Kubernetes. Ensure system reliability, scalability, and security through robust CI/CD pipelines and cloud-native practices. You will be responsible for monitoring system health and responding to incidents in our production environment. We offer competitive benefits and a remote-friendly culture.",,"AWS, Docker, Kubernetes, Terraform, Jenkins, Monitoring"
233,Cloud Architect,Microsoft India,"Gurugram, Haryana",$115K - $196K,Remote,"We are looking for a Cloud Architect to define our global infrastructure strategy. You will design serverless architectures, implement complex networking solutions, and ensure that our platform is highly available across multiple regions. This role involves mentoring engineering teams on cloud-native development patterns. We offer competitive benefits and a remote-friendly culture.",,"AWS, Azure, Cloud Security, Serverless, Infrastructure as Code"
234,Cloud Architect,Google India,"Ahmedabad, Gujarat",$104K - $162K,Remote,Architect the foundations of our multi-cloud ecosystem. You will focus on building resilient and secure environments using infrastructure as code and modern devsecops practices. Your goal is to provide a scalable and performant platform that supports our rapidly growing user base and evolving business needs. We offer competitive benefits and a remote-friendly culture.,,"AWS, Azure, Cloud Security, Serverless, Infrastructure as Code"
235,Full Stack Developer,Amazon India,"Gurugram, Haryana",$86K - $162K,Remote,"End-to-end development of web applications using the MERN stack. Handle everything from database design and server-side logic to building interactive frontend components with React. You will be responsible for the entire feature lifecycle, ensuring a cohesive and performant experience across the full application stack. Be part of a diverse team pushing technological boundaries.",,"React, Node.js, MongoDB, Express.js, GraphQL, AWS"
236,Data Scientist,Cognizant India,"Noida, Uttar Pradesh",$94K - $156K,Remote,"We are looking for a Data Scientist to build predictive models and recommendation engines. You will work with large-scale data systems, implement feature engineering pipelines, and evaluate model performance in production. Strong mathematical foundation and experience with A/B testing are essential for this role. Join us to make a real impact.",,"Python, R, SQL, Pandas, Scikit-Learn, Data Visualization"
237,Cybersecurity Analyst,Tech Mahindra,"Kolkata, West Bengal",$141K - $192K,Full-time,"Ensure the integrity and confidentiality of our data across all platforms. You will design and implement security architectures, manage SIEM systems for real-time monitoring, and oversee our security compliance programs. This role requires a deep understanding of network security, encryption, and modern security operations. Experience with agile methodologies is preferred for this role.",,"Network Security, Penetration Testing, SIEM, Incident Response, Compliance"
238,Business Analyst,Infosys,"Pune, Maharashtra",$142K - $178K,Part-time,"Bridge the gap between business needs and technical solutions. Analyze business processes, gather detailed requirements, and provide data-backed recommendations to improve efficiency. You will work with stakeholders across the company to ensure that our technical projects are aligned with business objectives. Join us to make a real impact.",,"SQL, Tableau, Excel, Requirement Gathering, Process Improvement"
239,Backend Engineer,Wipro,"Gurugram, Haryana",$96K - $151K,Full-time,"We are looking for a Backend Engineer to join our core platform team. You will build high-throughput microservices, optimize complex database queries, and implement secure authentication systems. Experience with message brokers like Kafka or Redis is a plus as you will work on event-driven architectures to process data in real-time. Looking for a self-motivated individual who loves solving complex problems.",,"Node.js, Python, PostgreSQL, Redis, Microservices, gRPC"
240,DevOps Engineer,Mindtree,"Ahmedabad, Gujarat",$83K - $165K,Remote,"Join our DevOps team to build and maintain the foundations of our software delivery platform. You will focus on building automated testing environments, implementing centralized logging and tracing, and ensuring our developer experience is world-class through efficient tooling and automation. We offer competitive benefits and a remote-friendly culture.",,"AWS, Docker, Kubernetes, Terraform, Jenkins, Monitoring"
241,Business Analyst,Mindtree,"Gurugram, Haryana",$100K - $158K,Remote,"Bridge the gap between business needs and technical solutions. Analyze business processes, gather detailed requirements, and provide data-backed recommendations to improve efficiency. You will work with stakeholders across the company to ensure that our technical projects are aligned with business objectives. Be part of a diverse team pushing technological boundaries.",,"SQL, Tableau, Excel, Requirement Gathering, Process Improvement"
282,Data Scientist,Cognizant India,Remote,$85K - $198K,Full-time,"We are looking for a Data Scientist to build predictive models and recommendation engines. You will work with large-scale data systems, implement feature engineering pipelines, and evaluate model performance in production. Strong mathematical foundation and experience with A/B testing are essential for this role. Be part of a diverse team pushing technological boundaries.",,"Python, R, SQL, Pandas, Scikit-Learn, Data Visualization"
242,Machine Learning Engineer,Reliance Digital,"Mumbai, Maharashtra",$109K - $155K,Remote,Join our AI team to solve challenging problems in computer vision and NLP. You will research state-of-the-art algorithms and adapt them to our specific use cases. The role requires strong software engineering skills to integrate ML models into our existing software ecosystem while ensuring scalability and reliability. We offer competitive benefits and a remote-friendly culture.,,"PyTorch, TensorFlow, NLP, Computer Vision, MLOps, Model Deployment"
243,Full Stack Developer,Flipkart,"Hyderabad, Telangana",$85K - $181K,Remote,"End-to-end development of web applications using the MERN stack. Handle everything from database design and server-side logic to building interactive frontend components with React. You will be responsible for the entire feature lifecycle, ensuring a cohesive and performant experience across the full application stack. We offer competitive benefits and a remote-friendly culture.",,"React, Node.js, MongoDB, Express.js, GraphQL, AWS"
244,Mobile App Developer,Cognizant India,"Gurugram, Haryana",$119K - $168K,Full-time,"Join our mobile team to create engaging user experiences on smartphones and tablets. You will build feature-rich applications, implement offline sync capabilities, and ensure our mobile products are stable and secure. Experience with mobile CI/CD and publishing to App Store and Google Play is required. Be part of a diverse team pushing technological boundaries.",,"React Native, Flutter, Firebase, Mobile UI Design, App Store Optimization"
245,Backend Engineer,L&T Infotech,"Ahmedabad, Gujarat",$83K - $175K,Part-time,"Architect and maintain the server-side logic of our cloud-based platforms. You will focus on building RESTful and gRPC APIs, managing relational and NoSQL databases, and ensuring high availability across multiple regions. This role involves deep dives into system performance tuning and implementing comprehensive monitoring solutions. We offer competitive benefits and a remote-friendly culture.",,"Node.js, Python, PostgreSQL, Redis, Microservices, gRPC"
246,iOS Developer,Microsoft India,"Ahmedabad, Gujarat",$143K - $183K,Part-time,"Build premium iOS applications for iPhone and iPad using Swift and SwiftUI. Focus on elegant code, Apple's Human Interface Guidelines, and integrating with advanced iOS features like Widgets and Core ML. You will ensure our apps are responsive, accessible, and take full advantage of the latest iOS capabilities. Experience with agile methodologies is preferred for this role.",,"Swift, SwiftUI, Objective-C, Core Data, XCode, iOS SDK"
247,QA Engineer,Flipkart,"Kolkata, West Bengal",$117K - $178K,Part-time,"As a QA Engineer, you will build and maintain a robust automation framework. You will work closely with developers to implement unit, integration, and end-to-end tests, ensuring that every release meets our high standards for performance and reliability. Experience with load testing and security testing is a plus. Be part of a diverse team pushing technological boundaries.",,"Selenium, Cypress, Jest, Manual Testing, API Testing, Load Testing"
248,Mobile App Developer,Tata Consultancy Services,"Bengaluru, Karnataka",$94K - $199K,Part-time,"Architect and build cross-platform mobile solutions that delight users. You will focus on pixel-perfect UI implementation, optimizing app startup times, and managing complex application states. This role involves working closely with UX designers to push the boundaries of mobile interaction design. We offer competitive benefits and a remote-friendly culture.",,"React Native, Flutter, Firebase, Mobile UI Design, App Store Optimization"
249,QA Engineer,Google India,"Noida, Uttar Pradesh",$80K - $197K,Part-time,"Ensure the highest quality of software products through comprehensive automated and manual testing. Develop automated test suites using Selenium or Cypress, perform regression testing, and track bug reports from identification to resolution. You will be the advocate for quality throughout the development process. We offer competitive benefits and a remote-friendly culture.",,"Selenium, Cypress, Jest, Manual Testing, API Testing, Load Testing"
250,Product Manager,Amazon India,"Chennai, Tamil Nadu",$130K - $200K,Part-time,"As a Product Manager, you will be the voice of the customer. You will conduct market research, analyze user feedback, and use data to make informed product decisions. Your goal is to build products that not only solve real problems but also delight our users and drive business growth. Join us to make a real impact.",,"Agile, Product Roadmap, User Stories, Market Research, Data Analytics"
251,iOS Developer,Cognizant India,"Ahmedabad, Gujarat",$126K - $174K,Remote,"Develop sophisticated iOS apps that our users love. You will focus on smooth animations, efficient memory management, and integrating with hardware sensors and APIs. This role involves participating in design sprints and contributing to the overall product strategy from a mobile-first perspective. Join us to make a real impact.",,"Swift, SwiftUI, Objective-C, Core Data, XCode, iOS SDK"
252,iOS Developer,Microsoft India,"Kolkata, West Bengal",$123K - $195K,Remote,"Build premium iOS applications for iPhone and iPad using Swift and SwiftUI. Focus on elegant code, Apple's Human Interface Guidelines, and integrating with advanced iOS features like Widgets and Core ML. You will ensure our apps are responsive, accessible, and take full advantage of the latest iOS capabilities. We offer competitive benefits and a remote-friendly culture.",,"Swift, SwiftUI, Objective-C, Core Data, XCode, iOS SDK"
253,Business Analyst,Reliance Digital,"Pune, Maharashtra",$112K - $162K,Full-time,"As a Business Analyst, you will translate complex business problems into clear technical requirements. You will create process maps, conduct cost-benefit analyses, and work with development teams to ensure successful project delivery. Strong analytical skills and the ability to communicate with both technical and non-technical audiences are key. Join us to make a real impact.",,"SQL, Tableau, Excel, Requirement Gathering, Process Improvement"
254,iOS Developer,HCL Technologies,"Bengaluru, Karnataka",$89K - $160K,Remote,"Develop sophisticated iOS apps that our users love. You will focus on smooth animations, efficient memory management, and integrating with hardware sensors and APIs. This role involves participating in design sprints and contributing to the overall product strategy from a mobile-first perspective. Looking for a self-motivated individual who loves solving complex problems.",,"Swift, SwiftUI, Objective-C, Core Data, XCode, iOS SDK"
255,Senior Frontend Developer,Capgemini India,Remote,$119K - $167K,Remote,"Lead the development of high-performance user interfaces using modern React ecosystems. Responsibilities include architecting frontend solutions, mentoring junior developers, and ensuring seamless UX across all devices. You will work closely with design teams to implement pixel-perfect components and optimize web performance for millions of global users. We offer competitive benefits and a remote-friendly culture.",,"React, TypeScript, Next.js, Tailwind CSS, Redux, Web Performance"
256,Android Developer,Cognizant India,"Jaipur, Rajasthan",$107K - $186K,Part-time,"We are seeking an Android enthusiast to build high-performance mobile apps. You will use the latest Android SDK features, implement reactive programming patterns with Coroutines and Flow, and ensure our apps are responsive and stable. Experience with modular architecture and automated testing on Android is a plus. Experience with agile methodologies is preferred for this role.",,"Kotlin, Java, Jetpack Compose, Android SDK, Retrofit, Coroutines"
257,Business Analyst,Tech Mahindra,"Kolkata, West Bengal",$123K - $172K,Part-time,"Help us optimize our operations through data-driven analysis. You will identify areas for process improvement, develop business cases for new initiatives, and measure the impact of our technical solutions. This role requires a deep understanding of our business domain and the ability to use data to drive strategic decisions. Experience with agile methodologies is preferred for this role.",,"SQL, Tableau, Excel, Requirement Gathering, Process Improvement"
258,Android Developer,Cognizant India,"Jaipur, Rajasthan",$126K - $168K,Full-time,"Develop robust Android applications using Kotlin and modern Jetpack components. Focus on performance, memory management, and implementing Material Design principles to create a premium user experience. You will be responsible for the entire development lifecycle, from UI implementation to integrating with backend APIs. Experience with agile methodologies is preferred for this role.",,"Kotlin, Java, Jetpack Compose, Android SDK, Retrofit, Coroutines"
259,Mobile App Developer,Mindtree,"Ahmedabad, Gujarat",$90K - $159K,Remote,"Join our mobile team to create engaging user experiences on smartphones and tablets. You will build feature-rich applications, implement offline sync capabilities, and ensure our mobile products are stable and secure. Experience with mobile CI/CD and publishing to App Store and Google Play is required. Experience with agile methodologies is preferred for this role.",,"React Native, Flutter, Firebase, Mobile UI Design, App Store Optimization"
260,UI/UX Designer,Capgemini India,"Mumbai, Maharashtra",$116K - $189K,Part-time,Drive the design vision of our platform. You will be responsible for creating a cohesive design system that scales across multiple products and platforms. Strong communication skills are essential as you will present your design decisions to stakeholders and work closely with engineering to bring them to life. Be part of a diverse team pushing technological boundaries.,,"Figma, Adobe XD, User Research, Prototyping, Wireframing, Visual Design"
261,Data Scientist,Capgemini India,"Mumbai, Maharashtra",$132K - $159K,Remote,"Extract meaningful insights from complex datasets using Python and R. Apply statistical modeling and machine learning techniques to solve business problems and drive data-driven decision making. You will be responsible for data cleaning, exploratory analysis, and presenting findings to stakeholders. Be part of a diverse team pushing technological boundaries.",,"Python, R, SQL, Pandas, Scikit-Learn, Data Visualization"
262,Business Analyst,HCL Technologies,"Hyderabad, Telangana",$114K - $186K,Full-time,"As a Business Analyst, you will translate complex business problems into clear technical requirements. You will create process maps, conduct cost-benefit analyses, and work with development teams to ensure successful project delivery. Strong analytical skills and the ability to communicate with both technical and non-technical audiences are key. Join us to make a real impact.",,"SQL, Tableau, Excel, Requirement Gathering, Process Improvement"
263,Product Manager,Reliance Digital,"Kolkata, West Bengal",$112K - $196K,Full-time,"Lead cross-functional teams to build and ship impactful features. You will manage stakeholders, navigate technical constraints, and ensure that our products are aligned with the overall company strategy. This role requires strong leadership, excellent communication, and a deep understanding of the agile development process. We offer competitive benefits and a remote-friendly culture.",,"Agile, Product Roadmap, User Stories, Market Research, Data Analytics"
264,Business Analyst,Wipro,"Gurugram, Haryana",$124K - $158K,Remote,"Bridge the gap between business needs and technical solutions. Analyze business processes, gather detailed requirements, and provide data-backed recommendations to improve efficiency. You will work with stakeholders across the company to ensure that our technical projects are aligned with business objectives. Experience with agile methodologies is preferred for this role.",,"SQL, Tableau, Excel, Requirement Gathering, Process Improvement"
265,Data Scientist,Amazon India,"Hyderabad, Telangana",$118K - $197K,Remote,"We are looking for a Data Scientist to build predictive models and recommendation engines. You will work with large-scale data systems, implement feature engineering pipelines, and evaluate model performance in production. Strong mathematical foundation and experience with A/B testing are essential for this role. Be part of a diverse team pushing technological boundaries.",,"Python, R, SQL, Pandas, Scikit-Learn, Data Visualization"
266,Data Scientist,Capgemini India,"Ahmedabad, Gujarat",$149K - $154K,Full-time,"Help us leverage data to gain a competitive advantage. You will design experiments, build automated reporting dashboards, and develop sophisticated algorithms to understand user behavior. This role requires the ability to translate complex data results into actionable business strategies and product improvements. Experience with agile methodologies is preferred for this role.",,"Python, R, SQL, Pandas, Scikit-Learn, Data Visualization"
267,UI/UX Designer,Reliance Digital,"Bengaluru, Karnataka",$113K - $168K,Part-time,"Design intuitive and beautiful user experiences for our web and mobile applications. Conduct user research, create high-fidelity prototypes in Figma, and collaborate with developers to ensure faithful implementation of your designs. You will define the visual language and interaction patterns for our entire product suite. Be part of a diverse team pushing technological boundaries.",,"Figma, Adobe XD, User Research, Prototyping, Wireframing, Visual Design"
268,Mobile App Developer,Mindtree,"Pune, Maharashtra",$93K - $181K,Remote,"Join our mobile team to create engaging user experiences on smartphones and tablets. You will build feature-rich applications, implement offline sync capabilities, and ensure our mobile products are stable and secure. Experience with mobile CI/CD and publishing to App Store and Google Play is required. Experience with agile methodologies is preferred for this role.",,"React Native, Flutter, Firebase, Mobile UI Design, App Store Optimization"
269,Backend Engineer,IBM India,"Noida, Uttar Pradesh",$123K - $171K,Part-time,"Architect and maintain the server-side logic of our cloud-based platforms. You will focus on building RESTful and gRPC APIs, managing relational and NoSQL databases, and ensuring high availability across multiple regions. This role involves deep dives into system performance tuning and implementing comprehensive monitoring solutions. We offer competitive benefits and a remote-friendly culture.",,"Node.js, Python, PostgreSQL, Redis, Microservices, gRPC"
270,Machine Learning Engineer,Tata Consultancy Services,"Mumbai, Maharashtra",$90K - $196K,Part-time,"Design, build, and deploy machine learning models at scale using PyTorch or TensorFlow. Work on deep learning architectures, feature engineering, and optimizing models for production environments. You will implement MLOps practices to ensure model reproducibility and monitor performance in real-time. Looking for a self-motivated individual who loves solving complex problems.",,"PyTorch, TensorFlow, NLP, Computer Vision, MLOps, Model Deployment"
271,Data Scientist,Tech Mahindra,"Hyderabad, Telangana",$149K - $181K,Full-time,"We are looking for a Data Scientist to build predictive models and recommendation engines. You will work with large-scale data systems, implement feature engineering pipelines, and evaluate model performance in production. Strong mathematical foundation and experience with A/B testing are essential for this role. Be part of a diverse team pushing technological boundaries.",,"Python, R, SQL, Pandas, Scikit-Learn, Data Visualization"
272,Data Scientist,L&T Infotech,"Pune, Maharashtra",$87K - $170K,Full-time,"Help us leverage data to gain a competitive advantage. You will design experiments, build automated reporting dashboards, and develop sophisticated algorithms to understand user behavior. This role requires the ability to translate complex data results into actionable business strategies and product improvements. Looking for a self-motivated individual who loves solving complex problems.",,"Python, R, SQL, Pandas, Scikit-Learn, Data Visualization"
273,Android Developer,Capgemini India,"Bengaluru, Karnataka",$110K - $195K,Part-time,"Develop robust Android applications using Kotlin and modern Jetpack components. Focus on performance, memory management, and implementing Material Design principles to create a premium user experience. You will be responsible for the entire development lifecycle, from UI implementation to integrating with backend APIs. Experience with agile methodologies is preferred for this role.",,"Kotlin, Java, Jetpack Compose, Android SDK, Retrofit, Coroutines"
274,Software Engineer,Capgemini India,"Bengaluru, Karnataka",$132K - $188K,Remote,"Join our engineering team to solve complex technical challenges. You will apply software design patterns to build reusable libraries and ensure the long-term maintainability of our codebase. This role requires strong problem-solving skills and the ability to work effectively in a collaborative, agile environment. Looking for a self-motivated individual who loves solving complex problems.",,"Java, C++, Spring Boot, SQL, Design Patterns, Unit Testing"
275,Mobile App Developer,Wipro,"Jaipur, Rajasthan",$107K - $189K,Full-time,"Architect and build cross-platform mobile solutions that delight users. You will focus on pixel-perfect UI implementation, optimizing app startup times, and managing complex application states. This role involves working closely with UX designers to push the boundaries of mobile interaction design. Looking for a self-motivated individual who loves solving complex problems.",,"React Native, Flutter, Firebase, Mobile UI Design, App Store Optimization"
276,Senior Frontend Developer,Reliance Digital,"Hyderabad, Telangana",$146K - $178K,Part-time,"Lead the development of high-performance user interfaces using modern React ecosystems. Responsibilities include architecting frontend solutions, mentoring junior developers, and ensuring seamless UX across all devices. You will work closely with design teams to implement pixel-perfect components and optimize web performance for millions of global users. Looking for a self-motivated individual who loves solving complex problems.",,"React, TypeScript, Next.js, Tailwind CSS, Redux, Web Performance"
277,Senior Frontend Developer,HCL Technologies,"Pune, Maharashtra",$104K - $183K,Part-time,"As a Senior Frontend Developer, you will drive the technical direction of our client-side applications. We are looking for an expert in React and TypeScript who can build scalable architectures and lead complex feature implementations. You will be responsible for setting coding standards, performing code reviews, and collaborating with backend engineers to define efficient API contracts. Be part of a diverse team pushing technological boundaries.",,"React, TypeScript, Next.js, Tailwind CSS, Redux, Web Performance"
278,Full Stack Developer,IBM India,"Hyderabad, Telangana",$122K - $195K,Full-time,"Build full-featured applications from the ground up. You will architect database schemas, develop robust backend services, and create dynamic user interfaces. Collaboration is key as you will work with product managers to translate requirements into fully functional technical solutions across all layers of the stack. Experience with agile methodologies is preferred for this role.",,"React, Node.js, MongoDB, Express.js, GraphQL, AWS"
279,Senior Frontend Developer,Reliance Digital,"Bengaluru, Karnataka",$106K - $176K,Part-time,"Lead the development of high-performance user interfaces using modern React ecosystems. Responsibilities include architecting frontend solutions, mentoring junior developers, and ensuring seamless UX across all devices. You will work closely with design teams to implement pixel-perfect components and optimize web performance for millions of global users. Be part of a diverse team pushing technological boundaries.",,"React, TypeScript, Next.js, Tailwind CSS, Redux, Web Performance"
280,iOS Developer,Amazon India,"Pune, Maharashtra",$106K - $194K,Part-time,"We are seeking an iOS expert to lead our mobile development efforts on Apple platforms. You will architect complex apps using modern patterns like MVVM, manage data persistence with Core Data, and ensure seamless networking. A passion for detail and a commitment to providing a world-class user experience are required. Experience with agile methodologies is preferred for this role.",,"Swift, SwiftUI, Objective-C, Core Data, XCode, iOS SDK"
281,QA Engineer,HCL Technologies,"Ahmedabad, Gujarat",$126K - $194K,Full-time,"Lead our quality assurance efforts to deliver bug-free software to our customers. You will design test plans, manage test data, and integrate testing into our CI/CD pipelines. This role requires a meticulous eye for detail and the ability to think like a user to identify edge cases and potential failure points. Be part of a diverse team pushing technological boundaries.",,"Selenium, Cypress, Jest, Manual Testing, API Testing, Load Testing"
283,iOS Developer,Microsoft India,"Noida, Uttar Pradesh",$108K - $155K,Remote,"Build premium iOS applications for iPhone and iPad using Swift and SwiftUI. Focus on elegant code, Apple's Human Interface Guidelines, and integrating with advanced iOS features like Widgets and Core ML. You will ensure our apps are responsive, accessible, and take full advantage of the latest iOS capabilities. Join us to make a real impact.",,"Swift, SwiftUI, Objective-C, Core Data, XCode, iOS SDK"
284,Full Stack Developer,Infosys,"Jaipur, Rajasthan",$129K - $173K,Part-time,"We are seeking a Full Stack Developer to build modern web solutions. You will work on both the client and server sides, implementing responsive designs and scalable API services. This role requires versatility and the ability to switch contexts quickly while maintaining high code quality and architectural integrity. Looking for a self-motivated individual who loves solving complex problems.",,"React, Node.js, MongoDB, Express.js, GraphQL, AWS"
285,Senior Frontend Developer,Amazon India,"Chennai, Tamil Nadu",$91K - $163K,Remote,"Join our engineering team to build the next generation of web interfaces. You will focus on building reusable component libraries, implementing advanced state management patterns, and ensuring our applications are accessible and performant. This role requires a deep understanding of browser internals and modern CSS techniques to deliver a premium user experience. Experience with agile methodologies is preferred for this role.",,"React, TypeScript, Next.js, Tailwind CSS, Redux, Web Performance"
286,Mobile App Developer,Cognizant India,"Noida, Uttar Pradesh",$92K - $191K,Remote,"Develop high-quality mobile applications for both iOS and Android platforms using React Native or Flutter. Focus on performance, smooth animations, and delivering a native-like experience. You will be responsible for integrating with native APIs and ensuring our apps are optimized for a wide range of devices. Join us to make a real impact.",,"React Native, Flutter, Firebase, Mobile UI Design, App Store Optimization"
287,Full Stack Developer,Google India,Remote,$129K - $193K,Full-time,"We are seeking a Full Stack Developer to build modern web solutions. You will work on both the client and server sides, implementing responsive designs and scalable API services. This role requires versatility and the ability to switch contexts quickly while maintaining high code quality and architectural integrity. Join us to make a real impact.",,"React, Node.js, MongoDB, Express.js, GraphQL, AWS"
288,Software Engineer,Flipkart,"Gurugram, Haryana",$139K - $193K,Part-time,"We are looking for a Software Engineer who is passionate about technical excellence. You will contribute to architecture discussions, implement high-quality features, and help improve our engineering processes. Versatility and a willingness to learn new technologies are more important than deep expertise in a single stack. Join us to make a real impact.",,"Java, C++, Spring Boot, SQL, Design Patterns, Unit Testing"
289,Data Scientist,Wipro,"Bengaluru, Karnataka",$89K - $177K,Part-time,"Extract meaningful insights from complex datasets using Python and R. Apply statistical modeling and machine learning techniques to solve business problems and drive data-driven decision making. You will be responsible for data cleaning, exploratory analysis, and presenting findings to stakeholders. Experience with agile methodologies is preferred for this role.",,"Python, R, SQL, Pandas, Scikit-Learn, Data Visualization"
290,DevOps Engineer,Mindtree,"Bengaluru, Karnataka",$90K - $158K,Part-time,"Lead our infrastructure automation efforts to achieve high availability and rapid deployment cycles. You will design and implement infrastructure as code using Terraform, manage container orchestration platforms, and optimize our cloud spending. Experience with security hardening and compliance in the cloud is essential. Be part of a diverse team pushing technological boundaries.",,"AWS, Docker, Kubernetes, Terraform, Jenkins, Monitoring"
291,Product Manager,Flipkart,"Bengaluru, Karnataka",$111K - $194K,Part-time,"Lead cross-functional teams to build and ship impactful features. You will manage stakeholders, navigate technical constraints, and ensure that our products are aligned with the overall company strategy. This role requires strong leadership, excellent communication, and a deep understanding of the agile development process. Looking for a self-motivated individual who loves solving complex problems.",,"Agile, Product Roadmap, User Stories, Market Research, Data Analytics"
292,Android Developer,Tech Mahindra,"Noida, Uttar Pradesh",$112K - $190K,Remote,"Develop robust Android applications using Kotlin and modern Jetpack components. Focus on performance, memory management, and implementing Material Design principles to create a premium user experience. You will be responsible for the entire development lifecycle, from UI implementation to integrating with backend APIs. Join us to make a real impact.",,"Kotlin, Java, Jetpack Compose, Android SDK, Retrofit, Coroutines"
293,Cybersecurity Analyst,Reliance Digital,"Hyderabad, Telangana",$140K - $163K,Part-time,"Join our security team to harden our applications and infrastructure against attacks. You will perform penetration testing, manage identity and access control systems, and conduct security awareness training for employees. This role involves staying ahead of the latest threat landscape and proactively implementing defense-in-depth strategies. Join us to make a real impact.",,"Network Security, Penetration Testing, SIEM, Incident Response, Compliance"
294,DevOps Engineer,HCL Technologies,"Noida, Uttar Pradesh",$105K - $197K,Remote,"Join our DevOps team to build and maintain the foundations of our software delivery platform. You will focus on building automated testing environments, implementing centralized logging and tracing, and ensuring our developer experience is world-class through efficient tooling and automation. Join us to make a real impact.",,"AWS, Docker, Kubernetes, Terraform, Jenkins, Monitoring"
295,Cybersecurity Analyst,Mindtree,"Jaipur, Rajasthan",$90K - $157K,Full-time,"Protect the organization's digital assets from internal and external threats. Monitor for security breaches, conduct vulnerability assessments using industry-standard tools, and implement robust security protocols. You will be responsible for incident response and ensuring that our systems comply with security standards and regulations. Be part of a diverse team pushing technological boundaries.",,"Network Security, Penetration Testing, SIEM, Incident Response, Compliance"
296,QA Engineer,Flipkart,"Mumbai, Maharashtra",$145K - $190K,Part-time,"As a QA Engineer, you will build and maintain a robust automation framework. You will work closely with developers to implement unit, integration, and end-to-end tests, ensuring that every release meets our high standards for performance and reliability. Experience with load testing and security testing is a plus. Join us to make a real impact.",,"Selenium, Cypress, Jest, Manual Testing, API Testing, Load Testing"
297,Android Developer,L&T Infotech,"Hyderabad, Telangana",$92K - $191K,Full-time,"Join our mobile team to build engaging Android products that reach millions of users. You will work on feature-rich apps, optimize app startup times and battery usage, and ensure compatibility across a wide range of devices and OS versions. This role involves collaborating with product and design teams to deliver polished, user-centric features. Experience with agile methodologies is preferred for this role.",,"Kotlin, Java, Jetpack Compose, Android SDK, Retrofit, Coroutines"
298,iOS Developer,IBM India,Remote,$92K - $168K,Full-time,"Build premium iOS applications for iPhone and iPad using Swift and SwiftUI. Focus on elegant code, Apple's Human Interface Guidelines, and integrating with advanced iOS features like Widgets and Core ML. You will ensure our apps are responsive, accessible, and take full advantage of the latest iOS capabilities. Experience with agile methodologies is preferred for this role.",,"Swift, SwiftUI, Objective-C, Core Data, XCode, iOS SDK"
299,iOS Developer,Amazon India,"Hyderabad, Telangana",$117K - $193K,Part-time,"We are seeking an iOS expert to lead our mobile development efforts on Apple platforms. You will architect complex apps using modern patterns like MVVM, manage data persistence with Core Data, and ensure seamless networking. A passion for detail and a commitment to providing a world-class user experience are required. Looking for a self-motivated individual who loves solving complex problems.",,"Swift, SwiftUI, Objective-C, Core Data, XCode, iOS SDK"
300,Software Engineer,HCL Technologies,"Noida, Uttar Pradesh",$110K - $176K,Full-time,"We are looking for a Software Engineer who is passionate about technical excellence. You will contribute to architecture discussions, implement high-quality features, and help improve our engineering processes. Versatility and a willingness to learn new technologies are more important than deep expertise in a single stack. We offer competitive benefits and a remote-friendly culture.",,"Java, C++, Spring Boot, SQL, Design Patterns, Unit Testing"
301,Senior Frontend Developer,Cognizant India,Remote,$106K - $195K,Remote,"Lead the development of high-performance user interfaces using modern React ecosystems. Responsibilities include architecting frontend solutions, mentoring junior developers, and ensuring seamless UX across all devices. You will work closely with design teams to implement pixel-perfect components and optimize web performance for millions of global users. Join us to make a real impact.",,"React, TypeScript, Next.js, Tailwind CSS, Redux, Web Performance"
302,Cloud Architect,Mindtree,"Pune, Maharashtra",$89K - $162K,Part-time,"We are looking for a Cloud Architect to define our global infrastructure strategy. You will design serverless architectures, implement complex networking solutions, and ensure that our platform is highly available across multiple regions. This role involves mentoring engineering teams on cloud-native development patterns. Experience with agile methodologies is preferred for this role.",,"AWS, Azure, Cloud Security, Serverless, Infrastructure as Code"
303,Business Analyst,Tata Consultancy Services,Remote,$99K - $161K,Part-time,"Help us optimize our operations through data-driven analysis. You will identify areas for process improvement, develop business cases for new initiatives, and measure the impact of our technical solutions. This role requires a deep understanding of our business domain and the ability to use data to drive strategic decisions. Be part of a diverse team pushing technological boundaries.",,"SQL, Tableau, Excel, Requirement Gathering, Process Improvement"
304,iOS Developer,IBM India,"Pune, Maharashtra",$106K - $172K,Remote,"Build premium iOS applications for iPhone and iPad using Swift and SwiftUI. Focus on elegant code, Apple's Human Interface Guidelines, and integrating with advanced iOS features like Widgets and Core ML. You will ensure our apps are responsive, accessible, and take full advantage of the latest iOS capabilities. Experience with agile methodologies is preferred for this role.",,"Swift, SwiftUI, Objective-C, Core Data, XCode, iOS SDK"
305,Software Engineer,Flipkart,"Pune, Maharashtra",$95K - $161K,Part-time,"Join our engineering team to solve complex technical challenges. You will apply software design patterns to build reusable libraries and ensure the long-term maintainability of our codebase. This role requires strong problem-solving skills and the ability to work effectively in a collaborative, agile environment. We offer competitive benefits and a remote-friendly culture.",,"Java, C++, Spring Boot, SQL, Design Patterns, Unit Testing"
306,Data Scientist,Cognizant India,"Pune, Maharashtra",$98K - $168K,Part-time,"Help us leverage data to gain a competitive advantage. You will design experiments, build automated reporting dashboards, and develop sophisticated algorithms to understand user behavior. This role requires the ability to translate complex data results into actionable business strategies and product improvements. Experience with agile methodologies is preferred for this role.",,"Python, R, SQL, Pandas, Scikit-Learn, Data Visualization"
307,Android Developer,Tech Mahindra,Remote,$130K - $188K,Remote,"Develop robust Android applications using Kotlin and modern Jetpack components. Focus on performance, memory management, and implementing Material Design principles to create a premium user experience. You will be responsible for the entire development lifecycle, from UI implementation to integrating with backend APIs. Looking for a self-motivated individual who loves solving complex problems.",,"Kotlin, Java, Jetpack Compose, Android SDK, Retrofit, Coroutines"
308,Business Analyst,Reliance Digital,"Bengaluru, Karnataka",$106K - $176K,Full-time,"As a Business Analyst, you will translate complex business problems into clear technical requirements. You will create process maps, conduct cost-benefit analyses, and work with development teams to ensure successful project delivery. Strong analytical skills and the ability to communicate with both technical and non-technical audiences are key. Experience with agile methodologies is preferred for this role.",,"SQL, Tableau, Excel, Requirement Gathering, Process Improvement"
309,Backend Engineer,Capgemini India,"Noida, Uttar Pradesh",$93K - $157K,Part-time,"Architect and maintain the server-side logic of our cloud-based platforms. You will focus on building RESTful and gRPC APIs, managing relational and NoSQL databases, and ensuring high availability across multiple regions. This role involves deep dives into system performance tuning and implementing comprehensive monitoring solutions. We offer competitive benefits and a remote-friendly culture.",,"Node.js, Python, PostgreSQL, Redis, Microservices, gRPC"
310,Software Engineer,Tata Consultancy Services,"Jaipur, Rajasthan",$91K - $184K,Part-time,"Generalist software engineering role focusing on writing clean, maintainable, and efficient code in Java or C++. Participate in the full software development lifecycle from requirements to deployment. You will work on a variety of projects, from core business logic to internal tools and infrastructure components. Looking for a self-motivated individual who loves solving complex problems.",,"Java, C++, Spring Boot, SQL, Design Patterns, Unit Testing"
311,Product Manager,Infosys,"Kolkata, West Bengal",$134K - $176K,Contract,"As a Product Manager, you will be the voice of the customer. You will conduct market research, analyze user feedback, and use data to make informed product decisions. Your goal is to build products that not only solve real problems but also delight our users and drive business growth. Experience with agile methodologies is preferred for this role.",,"Agile, Product Roadmap, User Stories, Market Research, Data Analytics"
312,Software Engineer,Wipro,"Ahmedabad, Gujarat",$94K - $181K,Full-time,"We are looking for a Software Engineer who is passionate about technical excellence. You will contribute to architecture discussions, implement high-quality features, and help improve our engineering processes. Versatility and a willingness to learn new technologies are more important than deep expertise in a single stack. Looking for a self-motivated individual who loves solving complex problems.",,"Java, C++, Spring Boot, SQL, Design Patterns, Unit Testing"
313,iOS Developer,HCL Technologies,"Gurugram, Haryana",$96K - $182K,Contract,"Build premium iOS applications for iPhone and iPad using Swift and SwiftUI. Focus on elegant code, Apple's Human Interface Guidelines, and integrating with advanced iOS features like Widgets and Core ML. You will ensure our apps are responsive, accessible, and take full advantage of the latest iOS capabilities. Be part of a diverse team pushing technological boundaries.",,"Swift, SwiftUI, Objective-C, Core Data, XCode, iOS SDK"
314,Backend Engineer,Tech Mahindra,"Chennai, Tamil Nadu",$80K - $163K,Contract,"We are looking for a Backend Engineer to join our core platform team. You will build high-throughput microservices, optimize complex database queries, and implement secure authentication systems. Experience with message brokers like Kafka or Redis is a plus as you will work on event-driven architectures to process data in real-time. Be part of a diverse team pushing technological boundaries.",,"Node.js, Python, PostgreSQL, Redis, Microservices, gRPC"
315,Data Scientist,Mindtree,"Bengaluru, Karnataka",$119K - $186K,Part-time,"Help us leverage data to gain a competitive advantage. You will design experiments, build automated reporting dashboards, and develop sophisticated algorithms to understand user behavior. This role requires the ability to translate complex data results into actionable business strategies and product improvements. Experience with agile methodologies is preferred for this role.",,"Python, R, SQL, Pandas, Scikit-Learn, Data Visualization"
316,Cloud Architect,Cognizant India,"Gurugram, Haryana",$126K - $167K,Remote,"Design and oversee complex cloud architectures on AWS or Azure. Focus on cost-optimization, disaster recovery, and ensuring systems are built for massive scale. You will provide technical leadership for cloud migrations and ensure that our cloud infrastructure follows industry best practices for security and reliability. Experience with agile methodologies is preferred for this role.",,"AWS, Azure, Cloud Security, Serverless, Infrastructure as Code"
317,Senior Frontend Developer,Capgemini India,"Noida, Uttar Pradesh",$116K - $169K,Full-time,"As a Senior Frontend Developer, you will drive the technical direction of our client-side applications. We are looking for an expert in React and TypeScript who can build scalable architectures and lead complex feature implementations. You will be responsible for setting coding standards, performing code reviews, and collaborating with backend engineers to define efficient API contracts. We offer competitive benefits and a remote-friendly culture.",,"React, TypeScript, Next.js, Tailwind CSS, Redux, Web Performance"
318,Backend Engineer,L&T Infotech,"Chennai, Tamil Nadu",$92K - $155K,Full-time,"Architect and maintain the server-side logic of our cloud-based platforms. You will focus on building RESTful and gRPC APIs, managing relational and NoSQL databases, and ensuring high availability across multiple regions. This role involves deep dives into system performance tuning and implementing comprehensive monitoring solutions. Join us to make a real impact.",,"Node.js, Python, PostgreSQL, Redis, Microservices, gRPC"
319,Senior Frontend Developer,IBM India,"Ahmedabad, Gujarat",$86K - $165K,Contract,"Lead the development of high-performance user interfaces using modern React ecosystems. Responsibilities include architecting frontend solutions, mentoring junior developers, and ensuring seamless UX across all devices. You will work closely with design teams to implement pixel-perfect components and optimize web performance for millions of global users. Join us to make a real impact.",,"React, TypeScript, Next.js, Tailwind CSS, Redux, Web Performance"
320,Cloud Architect,Google India,"Noida, Uttar Pradesh",$106K - $165K,Remote,"We are looking for a Cloud Architect to define our global infrastructure strategy. You will design serverless architectures, implement complex networking solutions, and ensure that our platform is highly available across multiple regions. This role involves mentoring engineering teams on cloud-native development patterns. We offer competitive benefits and a remote-friendly culture.",,"AWS, Azure, Cloud Security, Serverless, Infrastructure as Code"
321,QA Engineer,Microsoft India,"Chennai, Tamil Nadu",$96K - $174K,Full-time,"Lead our quality assurance efforts to deliver bug-free software to our customers. You will design test plans, manage test data, and integrate testing into our CI/CD pipelines. This role requires a meticulous eye for detail and the ability to think like a user to identify edge cases and potential failure points. Experience with agile methodologies is preferred for this role.",,"Selenium, Cypress, Jest, Manual Testing, API Testing, Load Testing"
322,DevOps Engineer,Amazon India,"Hyderabad, Telangana",$95K - $153K,Full-time,"Automate infrastructure deployment and management using AWS, Docker, and Kubernetes. Ensure system reliability, scalability, and security through robust CI/CD pipelines and cloud-native practices. You will be responsible for monitoring system health and responding to incidents in our production environment. We offer competitive benefits and a remote-friendly culture.",,"AWS, Docker, Kubernetes, Terraform, Jenkins, Monitoring"
323,Business Analyst,Flipkart,"Bengaluru, Karnataka",$92K - $184K,Part-time,"As a Business Analyst, you will translate complex business problems into clear technical requirements. You will create process maps, conduct cost-benefit analyses, and work with development teams to ensure successful project delivery. Strong analytical skills and the ability to communicate with both technical and non-technical audiences are key. Be part of a diverse team pushing technological boundaries.",,"SQL, Tableau, Excel, Requirement Gathering, Process Improvement"
324,QA Engineer,Reliance Digital,"Gurugram, Haryana",$104K - $162K,Contract,"Lead our quality assurance efforts to deliver bug-free software to our customers. You will design test plans, manage test data, and integrate testing into our CI/CD pipelines. This role requires a meticulous eye for detail and the ability to think like a user to identify edge cases and potential failure points. Be part of a diverse team pushing technological boundaries.",,"Selenium, Cypress, Jest, Manual Testing, API Testing, Load Testing"
325,Business Analyst,Reliance Digital,"Bengaluru, Karnataka",$103K - $157K,Part-time,"Bridge the gap between business needs and technical solutions. Analyze business processes, gather detailed requirements, and provide data-backed recommendations to improve efficiency. You will work with stakeholders across the company to ensure that our technical projects are aligned with business objectives. Join us to make a real impact.",,"SQL, Tableau, Excel, Requirement Gathering, Process Improvement"
326,Full Stack Developer,L&T Infotech,"Kolkata, West Bengal",$138K - $161K,Remote,"We are seeking a Full Stack Developer to build modern web solutions. You will work on both the client and server sides, implementing responsive designs and scalable API services. This role requires versatility and the ability to switch contexts quickly while maintaining high code quality and architectural integrity. Looking for a self-motivated individual who loves solving complex problems.",,"React, Node.js, MongoDB, Express.js, GraphQL, AWS"
327,DevOps Engineer,Flipkart,"Jaipur, Rajasthan",$90K - $174K,Contract,"Join our DevOps team to build and maintain the foundations of our software delivery platform. You will focus on building automated testing environments, implementing centralized logging and tracing, and ensuring our developer experience is world-class through efficient tooling and automation. Looking for a self-motivated individual who loves solving complex problems.",,"AWS, Docker, Kubernetes, Terraform, Jenkins, Monitoring"
328,Cybersecurity Analyst,Cognizant India,"Gurugram, Haryana",$102K - $175K,Full-time,"Protect the organization's digital assets from internal and external threats. Monitor for security breaches, conduct vulnerability assessments using industry-standard tools, and implement robust security protocols. You will be responsible for incident response and ensuring that our systems comply with security standards and regulations. We offer competitive benefits and a remote-friendly culture.",,"Network Security, Penetration Testing, SIEM, Incident Response, Compliance"
329,Cloud Architect,Flipkart,"Bengaluru, Karnataka",$105K - $200K,Remote,"We are looking for a Cloud Architect to define our global infrastructure strategy. You will design serverless architectures, implement complex networking solutions, and ensure that our platform is highly available across multiple regions. This role involves mentoring engineering teams on cloud-native development patterns. Join us to make a real impact.",,"AWS, Azure, Cloud Security, Serverless, Infrastructure as Code"
330,Mobile App Developer,Google India,"Kolkata, West Bengal",$123K - $160K,Part-time,"Architect and build cross-platform mobile solutions that delight users. You will focus on pixel-perfect UI implementation, optimizing app startup times, and managing complex application states. This role involves working closely with UX designers to push the boundaries of mobile interaction design. Looking for a self-motivated individual who loves solving complex problems.",,"React Native, Flutter, Firebase, Mobile UI Design, App Store Optimization"
331,Software Engineer,Microsoft India,"Bengaluru, Karnataka",$86K - $168K,Full-time,"Generalist software engineering role focusing on writing clean, maintainable, and efficient code in Java or C++. Participate in the full software development lifecycle from requirements to deployment. You will work on a variety of projects, from core business logic to internal tools and infrastructure components. We offer competitive benefits and a remote-friendly culture.",,"Java, C++, Spring Boot, SQL, Design Patterns, Unit Testing"
332,Data Scientist,Tech Mahindra,"Mumbai, Maharashtra",$145K - $198K,Contract,"We are looking for a Data Scientist to build predictive models and recommendation engines. You will work with large-scale data systems, implement feature engineering pipelines, and evaluate model performance in production. Strong mathematical foundation and experience with A/B testing are essential for this role. Looking for a self-motivated individual who loves solving complex problems.",,"Python, R, SQL, Pandas, Scikit-Learn, Data Visualization"
333,QA Engineer,Tata Consultancy Services,"Bengaluru, Karnataka",$117K - $198K,Full-time,"Lead our quality assurance efforts to deliver bug-free software to our customers. You will design test plans, manage test data, and integrate testing into our CI/CD pipelines. This role requires a meticulous eye for detail and the ability to think like a user to identify edge cases and potential failure points. We offer competitive benefits and a remote-friendly culture.",,"Selenium, Cypress, Jest, Manual Testing, API Testing, Load Testing"
334,Senior Frontend Developer,Tata Consultancy Services,"Chennai, Tamil Nadu",$90K - $159K,Part-time,"Lead the development of high-performance user interfaces using modern React ecosystems. Responsibilities include architecting frontend solutions, mentoring junior developers, and ensuring seamless UX across all devices. You will work closely with design teams to implement pixel-perfect components and optimize web performance for millions of global users. Experience with agile methodologies is preferred for this role.",,"React, TypeScript, Next.js, Tailwind CSS, Redux, Web Performance"
335,DevOps Engineer,Microsoft India,"Hyderabad, Telangana",$108K - $194K,Part-time,"Lead our infrastructure automation efforts to achieve high availability and rapid deployment cycles. You will design and implement infrastructure as code using Terraform, manage container orchestration platforms, and optimize our cloud spending. Experience with security hardening and compliance in the cloud is essential. We offer competitive benefits and a remote-friendly culture.",,"AWS, Docker, Kubernetes, Terraform, Jenkins, Monitoring"
336,Mobile App Developer,Wipro,"Bengaluru, Karnataka",$130K - $171K,Remote,"Architect and build cross-platform mobile solutions that delight users. You will focus on pixel-perfect UI implementation, optimizing app startup times, and managing complex application states. This role involves working closely with UX designers to push the boundaries of mobile interaction design. Looking for a self-motivated individual who loves solving complex problems.",,"React Native, Flutter, Firebase, Mobile UI Design, App Store Optimization"
337,Backend Engineer,Tech Mahindra,"Chennai, Tamil Nadu",$93K - $190K,Contract,"Design and implement scalable backend services and APIs using Node.js and Python. Focus on data integrity, system performance, and building robust distributed systems that handle millions of requests. You will be responsible for database schema design, implementing caching strategies, and ensuring the reliability of our core services. Be part of a diverse team pushing technological boundaries.",,"Node.js, Python, PostgreSQL, Redis, Microservices, gRPC"
338,Full Stack Developer,Capgemini India,"Kolkata, West Bengal",$124K - $160K,Part-time,"We are seeking a Full Stack Developer to build modern web solutions. You will work on both the client and server sides, implementing responsive designs and scalable API services. This role requires versatility and the ability to switch contexts quickly while maintaining high code quality and architectural integrity. We offer competitive benefits and a remote-friendly culture.",,"React, Node.js, MongoDB, Express.js, GraphQL, AWS"
339,Machine Learning Engineer,Google India,"Noida, Uttar Pradesh",$122K - $189K,Contract,Join our AI team to solve challenging problems in computer vision and NLP. You will research state-of-the-art algorithms and adapt them to our specific use cases. The role requires strong software engineering skills to integrate ML models into our existing software ecosystem while ensuring scalability and reliability. We offer competitive benefits and a remote-friendly culture.,,"PyTorch, TensorFlow, NLP, Computer Vision, MLOps, Model Deployment"
340,Machine Learning Engineer,Infosys,"Pune, Maharashtra",$124K - $167K,Remote,"Design, build, and deploy machine learning models at scale using PyTorch or TensorFlow. Work on deep learning architectures, feature engineering, and optimizing models for production environments. You will implement MLOps practices to ensure model reproducibility and monitor performance in real-time. Experience with agile methodologies is preferred for this role.",,"PyTorch, TensorFlow, NLP, Computer Vision, MLOps, Model Deployment"
341,Business Analyst,L&T Infotech,"Bengaluru, Karnataka",$122K - $153K,Part-time,"As a Business Analyst, you will translate complex business problems into clear technical requirements. You will create process maps, conduct cost-benefit analyses, and work with development teams to ensure successful project delivery. Strong analytical skills and the ability to communicate with both technical and non-technical audiences are key. We offer competitive benefits and a remote-friendly culture.",,"SQL, Tableau, Excel, Requirement Gathering, Process Improvement"
342,Business Analyst,Amazon India,"Kolkata, West Bengal",$99K - $174K,Part-time,"Help us optimize our operations through data-driven analysis. You will identify areas for process improvement, develop business cases for new initiatives, and measure the impact of our technical solutions. This role requires a deep understanding of our business domain and the ability to use data to drive strategic decisions. Looking for a self-motivated individual who loves solving complex problems.",,"SQL, Tableau, Excel, Requirement Gathering, Process Improvement"
343,Machine Learning Engineer,Capgemini India,"Bengaluru, Karnataka",$88K - $162K,Part-time,"Design, build, and deploy machine learning models at scale using PyTorch or TensorFlow. Work on deep learning architectures, feature engineering, and optimizing models for production environments. You will implement MLOps practices to ensure model reproducibility and monitor performance in real-time. We offer competitive benefits and a remote-friendly culture.",,"PyTorch, TensorFlow, NLP, Computer Vision, MLOps, Model Deployment"
344,Software Engineer,Reliance Digital,"Mumbai, Maharashtra",$141K - $198K,Full-time,"Join our engineering team to solve complex technical challenges. You will apply software design patterns to build reusable libraries and ensure the long-term maintainability of our codebase. This role requires strong problem-solving skills and the ability to work effectively in a collaborative, agile environment. Looking for a self-motivated individual who loves solving complex problems.",,"Java, C++, Spring Boot, SQL, Design Patterns, Unit Testing"
345,Software Engineer,Amazon India,"Jaipur, Rajasthan",$127K - $186K,Part-time,"We are looking for a Software Engineer who is passionate about technical excellence. You will contribute to architecture discussions, implement high-quality features, and help improve our engineering processes. Versatility and a willingness to learn new technologies are more important than deep expertise in a single stack. Be part of a diverse team pushing technological boundaries.",,"Java, C++, Spring Boot, SQL, Design Patterns, Unit Testing"
346,DevOps Engineer,Cognizant India,"Noida, Uttar Pradesh",$98K - $161K,Contract,"Automate infrastructure deployment and management using AWS, Docker, and Kubernetes. Ensure system reliability, scalability, and security through robust CI/CD pipelines and cloud-native practices. You will be responsible for monitoring system health and responding to incidents in our production environment. Be part of a diverse team pushing technological boundaries.",,"AWS, Docker, Kubernetes, Terraform, Jenkins, Monitoring"
347,iOS Developer,Flipkart,"Mumbai, Maharashtra",$140K - $169K,Contract,"We are seeking an iOS expert to lead our mobile development efforts on Apple platforms. You will architect complex apps using modern patterns like MVVM, manage data persistence with Core Data, and ensure seamless networking. A passion for detail and a commitment to providing a world-class user experience are required. Be part of a diverse team pushing technological boundaries.",,"Swift, SwiftUI, Objective-C, Core Data, XCode, iOS SDK"
348,Mobile App Developer,Flipkart,"Gurugram, Haryana",$106K - $165K,Full-time,"Architect and build cross-platform mobile solutions that delight users. You will focus on pixel-perfect UI implementation, optimizing app startup times, and managing complex application states. This role involves working closely with UX designers to push the boundaries of mobile interaction design. Be part of a diverse team pushing technological boundaries.",,"React Native, Flutter, Firebase, Mobile UI Design, App Store Optimization"
349,Machine Learning Engineer,Infosys,"Gurugram, Haryana",$134K - $160K,Contract,"Design, build, and deploy machine learning models at scale using PyTorch or TensorFlow. Work on deep learning architectures, feature engineering, and optimizing models for production environments. You will implement MLOps practices to ensure model reproducibility and monitor performance in real-time. We offer competitive benefits and a remote-friendly culture.",,"PyTorch, TensorFlow, NLP, Computer Vision, MLOps, Model Deployment"
350,Business Analyst,Flipkart,"Jaipur, Rajasthan",$147K - $187K,Part-time,"As a Business Analyst, you will translate complex business problems into clear technical requirements. You will create process maps, conduct cost-benefit analyses, and work with development teams to ensure successful project delivery. Strong analytical skills and the ability to communicate with both technical and non-technical audiences are key. Join us to make a real impact.",,"SQL, Tableau, Excel, Requirement Gathering, Process Improvement"
351,QA Engineer,Infosys,"Hyderabad, Telangana",$133K - $199K,Contract,"Lead our quality assurance efforts to deliver bug-free software to our customers. You will design test plans, manage test data, and integrate testing into our CI/CD pipelines. This role requires a meticulous eye for detail and the ability to think like a user to identify edge cases and potential failure points. Experience with agile methodologies is preferred for this role.",,"Selenium, Cypress, Jest, Manual Testing, API Testing, Load Testing"
352,Software Engineer,IBM India,"Hyderabad, Telangana",$143K - $154K,Contract,"Generalist software engineering role focusing on writing clean, maintainable, and efficient code in Java or C++. Participate in the full software development lifecycle from requirements to deployment. You will work on a variety of projects, from core business logic to internal tools and infrastructure components. Experience with agile methodologies is preferred for this role.",,"Java, C++, Spring Boot, SQL, Design Patterns, Unit Testing"
353,Business Analyst,Microsoft India,"Kolkata, West Bengal",$86K - $155K,Contract,"As a Business Analyst, you will translate complex business problems into clear technical requirements. You will create process maps, conduct cost-benefit analyses, and work with development teams to ensure successful project delivery. Strong analytical skills and the ability to communicate with both technical and non-technical audiences are key. Experience with agile methodologies is preferred for this role.",,"SQL, Tableau, Excel, Requirement Gathering, Process Improvement"
354,Senior Frontend Developer,L&T Infotech,Remote,$80K - $181K,Remote,"Join our engineering team to build the next generation of web interfaces. You will focus on building reusable component libraries, implementing advanced state management patterns, and ensuring our applications are accessible and performant. This role requires a deep understanding of browser internals and modern CSS techniques to deliver a premium user experience. Looking for a self-motivated individual who loves solving complex problems.",,"React, TypeScript, Next.js, Tailwind CSS, Redux, Web Performance"
355,Data Scientist,HCL Technologies,"Noida, Uttar Pradesh",$149K - $178K,Part-time,"Extract meaningful insights from complex datasets using Python and R. Apply statistical modeling and machine learning techniques to solve business problems and drive data-driven decision making. You will be responsible for data cleaning, exploratory analysis, and presenting findings to stakeholders. Looking for a self-motivated individual who loves solving complex problems.",,"Python, R, SQL, Pandas, Scikit-Learn, Data Visualization"
356,QA Engineer,L&T Infotech,"Kolkata, West Bengal",$121K - $157K,Contract,"As a QA Engineer, you will build and maintain a robust automation framework. You will work closely with developers to implement unit, integration, and end-to-end tests, ensuring that every release meets our high standards for performance and reliability. Experience with load testing and security testing is a plus. Be part of a diverse team pushing technological boundaries.",,"Selenium, Cypress, Jest, Manual Testing, API Testing, Load Testing"
357,DevOps Engineer,Amazon India,"Pune, Maharashtra",$120K - $162K,Remote,"Join our DevOps team to build and maintain the foundations of our software delivery platform. You will focus on building automated testing environments, implementing centralized logging and tracing, and ensuring our developer experience is world-class through efficient tooling and automation. We offer competitive benefits and a remote-friendly culture.",,"AWS, Docker, Kubernetes, Terraform, Jenkins, Monitoring"
358,Android Developer,Wipro,"Jaipur, Rajasthan",$135K - $165K,Remote,"Develop robust Android applications using Kotlin and modern Jetpack components. Focus on performance, memory management, and implementing Material Design principles to create a premium user experience. You will be responsible for the entire development lifecycle, from UI implementation to integrating with backend APIs. We offer competitive benefits and a remote-friendly culture.",,"Kotlin, Java, Jetpack Compose, Android SDK, Retrofit, Coroutines"
359,iOS Developer,Tata Consultancy Services,"Bengaluru, Karnataka",$144K - $196K,Contract,"We are seeking an iOS expert to lead our mobile development efforts on Apple platforms. You will architect complex apps using modern patterns like MVVM, manage data persistence with Core Data, and ensure seamless networking. A passion for detail and a commitment to providing a world-class user experience are required. Looking for a self-motivated individual who loves solving complex problems.",,"Swift, SwiftUI, Objective-C, Core Data, XCode, iOS SDK"
360,Data Engineer,Tech Innovations Inc.,"Berlin, Germany",$104K - $163K,Contract,Exciting opportunity for a Data Engineer to join our growing team. We value innovation and excellence. Looking for a self-motivated individual who loves solving complex problems.,,"General Tech, Problem Solving"
361,Site Reliability Engineer,Mindtree,"Bengaluru, Karnataka",$164K - $206K,Contract,Exciting opportunity for a Site Reliability Engineer to join our growing team. We value innovation and excellence. Be part of a diverse team pushing technological boundaries.,,"General Tech, Problem Solving"
362,QA Automation Engineer,Spotify,"Noida, Uttar Pradesh",$136K - $182K,Remote,Exciting opportunity for a QA Automation Engineer to join our growing team. We value innovation and excellence. We offer competitive benefits and a remote-friendly culture.,,"General Tech, Problem Solving"
363,Blockchain Developer,OpenAI,"San Francisco, CA (Remote)",$93K - $149K,Remote,Exciting opportunity for a Blockchain Developer to join our growing team. We value innovation and excellence. Be part of a diverse team pushing technological boundaries.,,"General Tech, Problem Solving"
364,Product Manager,Cognizant India,"London, UK (Remote)",$85K - $142K,Contract,"Define the product vision and strategy for our core features. Work closely with engineering, design, and business teams to prioritize the roadmap and deliver maximum value to users. You will be responsible for gathering requirements, writing user stories, and managing the product lifecycle from concept to launch. Be part of a diverse team pushing technological boundaries.",,"Agile, Product Roadmap, User Stories, Market Research, Data Analytics"
365,QA Automation Engineer,Cognizant India,"Berlin, Germany",$178K - $215K,Remote,Exciting opportunity for a QA Automation Engineer to join our growing team. We value innovation and excellence. We offer competitive benefits and a remote-friendly culture.,,"General Tech, Problem Solving"
366,Mobile App Developer,Netflix,"Bengaluru, Karnataka",$100K - $151K,Remote,"Architect and build cross-platform mobile solutions that delight users. You will focus on pixel-perfect UI implementation, optimizing app startup times, and managing complex application states. This role involves working closely with UX designers to push the boundaries of mobile interaction design. Be part of a diverse team pushing technological boundaries.",,"React Native, Flutter, Firebase, Mobile UI Design, App Store Optimization"
367,Data Scientist,Adobe,"New York, NY",$165K - $214K,Part-time,"Extract meaningful insights from complex datasets using Python and R. Apply statistical modeling and machine learning techniques to solve business problems and drive data-driven decision making. You will be responsible for data cleaning, exploratory analysis, and presenting findings to stakeholders. Looking for a self-motivated individual who loves solving complex problems.",,"Python, R, SQL, Pandas, Scikit-Learn, Data Visualization"
368,Site Reliability Engineer,Adobe,"Gurugram, Haryana",$108K - $152K,Part-time,Exciting opportunity for a Site Reliability Engineer to join our growing team. We value innovation and excellence. Be part of a diverse team pushing technological boundaries.,,"General Tech, Problem Solving"
369,DevOps Engineer,DataWorks Ltd.,"Berlin, Germany",$161K - $206K,Contract,"Join our DevOps team to build and maintain the foundations of our software delivery platform. You will focus on building automated testing environments, implementing centralized logging and tracing, and ensuring our developer experience is world-class through efficient tooling and automation. Experience with agile methodologies is preferred for this role.",,"AWS, Docker, Kubernetes, Terraform, Jenkins, Monitoring"
370,Backend Engineer,Netflix,"Mumbai, Maharashtra",$131K - $155K,Remote,"Design and implement scalable backend services and APIs using Node.js and Python. Focus on data integrity, system performance, and building robust distributed systems that handle millions of requests. You will be responsible for database schema design, implementing caching strategies, and ensuring the reliability of our core services. Be part of a diverse team pushing technological boundaries.",,"Node.js, Python, PostgreSQL, Redis, Microservices, gRPC"
371,UI/UX Designer,Cognizant India,"Gurugram, Haryana",$92K - $152K,Contract,"We are seeking a UI/UX Designer who can balance aesthetics with usability. You will create user flows, wireframes, and final mockups that solve complex user problems simply. This role involves constant iteration based on user feedback and data, ensuring our products are always evolving to meet user needs. Looking for a self-motivated individual who loves solving complex problems.",,"Figma, Adobe XD, User Research, Prototyping, Wireframing, Visual Design"
372,Data Scientist,Microsoft,"San Francisco, CA (Remote)",$173K - $213K,Contract,"Help us leverage data to gain a competitive advantage. You will design experiments, build automated reporting dashboards, and develop sophisticated algorithms to understand user behavior. This role requires the ability to translate complex data results into actionable business strategies and product improvements. Looking for a self-motivated individual who loves solving complex problems.",,"Python, R, SQL, Pandas, Scikit-Learn, Data Visualization"
373,Product Manager,Microsoft,"Mumbai, Maharashtra",$131K - $170K,Full-time,"Define the product vision and strategy for our core features. Work closely with engineering, design, and business teams to prioritize the roadmap and deliver maximum value to users. You will be responsible for gathering requirements, writing user stories, and managing the product lifecycle from concept to launch. We offer competitive benefits and a remote-friendly culture.",,"Agile, Product Roadmap, User Stories, Market Research, Data Analytics"
374,DevOps Engineer,CloudOps Solutions,"Bengaluru, Karnataka",$129K - $162K,Contract,"Lead our infrastructure automation efforts to achieve high availability and rapid deployment cycles. You will design and implement infrastructure as code using Terraform, manage container orchestration platforms, and optimize our cloud spending. Experience with security hardening and compliance in the cloud is essential. Experience with agile methodologies is preferred for this role.",,"AWS, Docker, Kubernetes, Terraform, Jenkins, Monitoring"
375,Blockchain Developer,Zomato,"Bengaluru, Karnataka",$125K - $145K,Part-time,Exciting opportunity for a Blockchain Developer to join our growing team. We value innovation and excellence. Looking for a self-motivated individual who loves solving complex problems.,,"General Tech, Problem Solving"
376,UI/UX Designer,DataWorks Ltd.,"Pune, Maharashtra",$163K - $185K,Remote,"Design intuitive and beautiful user experiences for our web and mobile applications. Conduct user research, create high-fidelity prototypes in Figma, and collaborate with developers to ensure faithful implementation of your designs. You will define the visual language and interaction patterns for our entire product suite. Experience with agile methodologies is preferred for this role.",,"Figma, Adobe XD, User Research, Prototyping, Wireframing, Visual Design"
377,Backend Engineer,Flipkart,"Austin, TX",$177K - $216K,Part-time,"We are looking for a Backend Engineer to join our core platform team. You will build high-throughput microservices, optimize complex database queries, and implement secure authentication systems. Experience with message brokers like Kafka or Redis is a plus as you will work on event-driven architectures to process data in real-time. Looking for a self-motivated individual who loves solving complex problems.",,"Node.js, Python, PostgreSQL, Redis, Microservices, gRPC"
378,Backend Engineer,Microsoft,"Mumbai, Maharashtra",$159K - $205K,Part-time,"Architect and maintain the server-side logic of our cloud-based platforms. You will focus on building RESTful and gRPC APIs, managing relational and NoSQL databases, and ensuring high availability across multiple regions. This role involves deep dives into system performance tuning and implementing comprehensive monitoring solutions. Experience with agile methodologies is preferred for this role.",,"Node.js, Python, PostgreSQL, Redis, Microservices, gRPC"
379,AI Engineer,Microsoft,"London, UK (Remote)",$163K - $191K,Contract,Exciting opportunity for a AI Engineer to join our growing team. We value innovation and excellence. We offer competitive benefits and a remote-friendly culture.,,"General Tech, Problem Solving"
380,Data Scientist,Zomato,"Bengaluru, Karnataka",$156K - $176K,Full-time,"We are looking for a Data Scientist to build predictive models and recommendation engines. You will work with large-scale data systems, implement feature engineering pipelines, and evaluate model performance in production. Strong mathematical foundation and experience with A/B testing are essential for this role. Looking for a self-motivated individual who loves solving complex problems.",,"Python, R, SQL, Pandas, Scikit-Learn, Data Visualization"
381,Data Engineer,DataWorks Ltd.,"Noida, Uttar Pradesh",$131K - $162K,Part-time,Exciting opportunity for a Data Engineer to join our growing team. We value innovation and excellence. Join us to make a real impact.,,"General Tech, Problem Solving"
382,Machine Learning Engineer,Spotify,"Austin, TX",$132K - $185K,Remote,"Design, build, and deploy machine learning models at scale using PyTorch or TensorFlow. Work on deep learning architectures, feature engineering, and optimizing models for production environments. You will implement MLOps practices to ensure model reproducibility and monitor performance in real-time. Looking for a self-motivated individual who loves solving complex problems.",,"PyTorch, TensorFlow, NLP, Computer Vision, MLOps, Model Deployment"
383,UI/UX Designer,CloudOps Solutions,"Berlin, Germany",$174K - $209K,Part-time,"We are seeking a UI/UX Designer who can balance aesthetics with usability. You will create user flows, wireframes, and final mockups that solve complex user problems simply. This role involves constant iteration based on user feedback and data, ensuring our products are always evolving to meet user needs. Experience with agile methodologies is preferred for this role.",,"Figma, Adobe XD, User Research, Prototyping, Wireframing, Visual Design"
384,Senior Frontend Developer,Flipkart,"Gurugram, Haryana",$93K - $140K,Remote,"Join our engineering team to build the next generation of web interfaces. You will focus on building reusable component libraries, implementing advanced state management patterns, and ensuring our applications are accessible and performant. This role requires a deep understanding of browser internals and modern CSS techniques to deliver a premium user experience. We offer competitive benefits and a remote-friendly culture.",,"React, TypeScript, Next.js, Tailwind CSS, Redux, Web Performance"
385,Cloud Architect,Microsoft,"Noida, Uttar Pradesh",$123K - $164K,Remote,"Design and oversee complex cloud architectures on AWS or Azure. Focus on cost-optimization, disaster recovery, and ensuring systems are built for massive scale. You will provide technical leadership for cloud migrations and ensure that our cloud infrastructure follows industry best practices for security and reliability. We offer competitive benefits and a remote-friendly culture.",,"AWS, Azure, Cloud Security, Serverless, Infrastructure as Code"
386,Site Reliability Engineer,Meta,"Austin, TX",$156K - $214K,Remote,Exciting opportunity for a Site Reliability Engineer to join our growing team. We value innovation and excellence. Looking for a self-motivated individual who loves solving complex problems.,,"General Tech, Problem Solving"
387,Blockchain Developer,Flipkart,"Austin, TX",$163K - $210K,Full-time,Exciting opportunity for a Blockchain Developer to join our growing team. We value innovation and excellence. Looking for a self-motivated individual who loves solving complex problems.,,"General Tech, Problem Solving"
388,Product Manager,Microsoft,"London, UK (Remote)",$134K - $156K,Full-time,"Define the product vision and strategy for our core features. Work closely with engineering, design, and business teams to prioritize the roadmap and deliver maximum value to users. You will be responsible for gathering requirements, writing user stories, and managing the product lifecycle from concept to launch. We offer competitive benefits and a remote-friendly culture.",,"Agile, Product Roadmap, User Stories, Market Research, Data Analytics"
389,Data Scientist,Amazon,"Pune, Maharashtra",$134K - $189K,Remote,"We are looking for a Data Scientist to build predictive models and recommendation engines. You will work with large-scale data systems, implement feature engineering pipelines, and evaluate model performance in production. Strong mathematical foundation and experience with A/B testing are essential for this role. We offer competitive benefits and a remote-friendly culture.",,"Python, R, SQL, Pandas, Scikit-Learn, Data Visualization"
390,Site Reliability Engineer,Flipkart,"New York, NY",$160K - $189K,Full-time,Exciting opportunity for a Site Reliability Engineer to join our growing team. We value innovation and excellence. Experience with agile methodologies is preferred for this role.,,"General Tech, Problem Solving"
391,Backend Engineer,Zomato,"Austin, TX",$156K - $197K,Part-time,"Design and implement scalable backend services and APIs using Node.js and Python. Focus on data integrity, system performance, and building robust distributed systems that handle millions of requests. You will be responsible for database schema design, implementing caching strategies, and ensuring the reliability of our core services. Experience with agile methodologies is preferred for this role.",,"Node.js, Python, PostgreSQL, Redis, Microservices, gRPC"
392,QA Automation Engineer,Salesforce,"New York, NY",$160K - $211K,Part-time,Exciting opportunity for a QA Automation Engineer to join our growing team. We value innovation and excellence. Looking for a self-motivated individual who loves solving complex problems.,,"General Tech, Problem Solving"
393,UI/UX Designer,Adobe,"New York, NY",$161K - $219K,Remote,Drive the design vision of our platform. You will be responsible for creating a cohesive design system that scales across multiple products and platforms. Strong communication skills are essential as you will present your design decisions to stakeholders and work closely with engineering to bring them to life. We offer competitive benefits and a remote-friendly culture.,,"Figma, Adobe XD, User Research, Prototyping, Wireframing, Visual Design"
394,Blockchain Developer,Spotify,"London, UK (Remote)",$137K - $166K,Remote,Exciting opportunity for a Blockchain Developer to join our growing team. We value innovation and excellence. Looking for a self-motivated individual who loves solving complex problems.,,"General Tech, Problem Solving"
395,Data Scientist,CloudOps Solutions,"San Francisco, CA (Remote)",$167K - $194K,Part-time,"We are looking for a Data Scientist to build predictive models and recommendation engines. You will work with large-scale data systems, implement feature engineering pipelines, and evaluate model performance in production. Strong mathematical foundation and experience with A/B testing are essential for this role. We offer competitive benefits and a remote-friendly culture.",,"Python, R, SQL, Pandas, Scikit-Learn, Data Visualization"
396,DevOps Engineer,Adobe,"London, UK (Remote)",$129K - $159K,Full-time,"Join our DevOps team to build and maintain the foundations of our software delivery platform. You will focus on building automated testing environments, implementing centralized logging and tracing, and ensuring our developer experience is world-class through efficient tooling and automation. We offer competitive benefits and a remote-friendly culture.",,"AWS, Docker, Kubernetes, Terraform, Jenkins, Monitoring"
397,Cloud Architect,Google,"Gurugram, Haryana",$138K - $188K,Remote,"Design and oversee complex cloud architectures on AWS or Azure. Focus on cost-optimization, disaster recovery, and ensuring systems are built for massive scale. You will provide technical leadership for cloud migrations and ensure that our cloud infrastructure follows industry best practices for security and reliability. We offer competitive benefits and a remote-friendly culture.",,"AWS, Azure, Cloud Security, Serverless, Infrastructure as Code"
398,Site Reliability Engineer,Adobe,"Gurugram, Haryana",$94K - $141K,Part-time,Exciting opportunity for a Site Reliability Engineer to join our growing team. We value innovation and excellence. Looking for a self-motivated individual who loves solving complex problems.,,"General Tech, Problem Solving"
399,Full Stack Developer,Google,"Pune, Maharashtra",$141K - $201K,Full-time,"Build full-featured applications from the ground up. You will architect database schemas, develop robust backend services, and create dynamic user interfaces. Collaboration is key as you will work with product managers to translate requirements into fully functional technical solutions across all layers of the stack. Join us to make a real impact.",,"React, Node.js, MongoDB, Express.js, GraphQL, AWS"
400,Site Reliability Engineer,Salesforce,"Noida, Uttar Pradesh",$99K - $135K,Remote,Exciting opportunity for a Site Reliability Engineer to join our growing team. We value innovation and excellence. Join us to make a real impact.,,"General Tech, Problem Solving"
401,Blockchain Developer,Microsoft,"San Francisco, CA (Remote)",$89K - $118K,Part-time,Exciting opportunity for a Blockchain Developer to join our growing team. We value innovation and excellence. Join us to make a real impact.,,"General Tech, Problem Solving"
402,Site Reliability Engineer,Google,"Mumbai, Maharashtra",$132K - $188K,Part-time,Exciting opportunity for a Site Reliability Engineer to join our growing team. We value innovation and excellence. Experience with agile methodologies is preferred for this role.,,"General Tech, Problem Solving"
403,Data Engineer,Flipkart,"Berlin, Germany",$180K - $223K,Part-time,Exciting opportunity for a Data Engineer to join our growing team. We value innovation and excellence. Experience with agile methodologies is preferred for this role.,,"General Tech, Problem Solving"
404,Site Reliability Engineer,OpenAI,"Gurugram, Haryana",$127K - $169K,Contract,Exciting opportunity for a Site Reliability Engineer to join our growing team. We value innovation and excellence. Experience with agile methodologies is preferred for this role.,,"General Tech, Problem Solving"
405,Full Stack Developer,Amazon,"Pune, Maharashtra",$157K - $212K,Part-time,"Build full-featured applications from the ground up. You will architect database schemas, develop robust backend services, and create dynamic user interfaces. Collaboration is key as you will work with product managers to translate requirements into fully functional technical solutions across all layers of the stack. Join us to make a real impact.",,"React, Node.js, MongoDB, Express.js, GraphQL, AWS"
406,Backend Engineer,Adobe,"London, UK (Remote)",$142K - $197K,Remote,"Design and implement scalable backend services and APIs using Node.js and Python. Focus on data integrity, system performance, and building robust distributed systems that handle millions of requests. You will be responsible for database schema design, implementing caching strategies, and ensuring the reliability of our core services. Join us to make a real impact.",,"Node.js, Python, PostgreSQL, Redis, Microservices, gRPC"
407,QA Automation Engineer,Cognizant India,"San Francisco, CA (Remote)",$174K - $203K,Full-time,Exciting opportunity for a QA Automation Engineer to join our growing team. We value innovation and excellence. Be part of a diverse team pushing technological boundaries.,,"General Tech, Problem Solving"
408,Data Engineer,Amazon,"Toronto, Canada",$145K - $193K,Remote,Exciting opportunity for a Data Engineer to join our growing team. We value innovation and excellence. Looking for a self-motivated individual who loves solving complex problems.,,"General Tech, Problem Solving"
409,Cloud Architect,Salesforce,"Bengaluru, Karnataka",$131K - $165K,Contract,"Design and oversee complex cloud architectures on AWS or Azure. Focus on cost-optimization, disaster recovery, and ensuring systems are built for massive scale. You will provide technical leadership for cloud migrations and ensure that our cloud infrastructure follows industry best practices for security and reliability. Join us to make a real impact.",,"AWS, Azure, Cloud Security, Serverless, Infrastructure as Code"
410,Product Manager,Zomato,"Austin, TX",$134K - $166K,Remote,"As a Product Manager, you will be the voice of the customer. You will conduct market research, analyze user feedback, and use data to make informed product decisions. Your goal is to build products that not only solve real problems but also delight our users and drive business growth. Looking for a self-motivated individual who loves solving complex problems.",,"Agile, Product Roadmap, User Stories, Market Research, Data Analytics"
411,UI/UX Designer,Meta,"Gurugram, Haryana",$96K - $146K,Remote,Drive the design vision of our platform. You will be responsible for creating a cohesive design system that scales across multiple products and platforms. Strong communication skills are essential as you will present your design decisions to stakeholders and work closely with engineering to bring them to life. Be part of a diverse team pushing technological boundaries.,,"Figma, Adobe XD, User Research, Prototyping, Wireframing, Visual Design"
412,Site Reliability Engineer,Mindtree,"Noida, Uttar Pradesh",$148K - $199K,Contract,Exciting opportunity for a Site Reliability Engineer to join our growing team. We value innovation and excellence. Join us to make a real impact.,,"General Tech, Problem Solving"
413,DevOps Engineer,Stripe,"Berlin, Germany",$127K - $148K,Contract,"Lead our infrastructure automation efforts to achieve high availability and rapid deployment cycles. You will design and implement infrastructure as code using Terraform, manage container orchestration platforms, and optimize our cloud spending. Experience with security hardening and compliance in the cloud is essential. Experience with agile methodologies is preferred for this role.",,"AWS, Docker, Kubernetes, Terraform, Jenkins, Monitoring"
414,Data Scientist,Amazon,"New York, NY",$137K - $191K,Part-time,"Help us leverage data to gain a competitive advantage. You will design experiments, build automated reporting dashboards, and develop sophisticated algorithms to understand user behavior. This role requires the ability to translate complex data results into actionable business strategies and product improvements. Looking for a self-motivated individual who loves solving complex problems.",,"Python, R, SQL, Pandas, Scikit-Learn, Data Visualization"
415,Site Reliability Engineer,DataWorks Ltd.,"Noida, Uttar Pradesh",$134K - $161K,Remote,Exciting opportunity for a Site Reliability Engineer to join our growing team. We value innovation and excellence. Experience with agile methodologies is preferred for this role.,,"General Tech, Problem Solving"
416,DevOps Engineer,Netflix,"Bengaluru, Karnataka",$180K - $237K,Contract,"Lead our infrastructure automation efforts to achieve high availability and rapid deployment cycles. You will design and implement infrastructure as code using Terraform, manage container orchestration platforms, and optimize our cloud spending. Experience with security hardening and compliance in the cloud is essential. Be part of a diverse team pushing technological boundaries.",,"AWS, Docker, Kubernetes, Terraform, Jenkins, Monitoring"
417,Blockchain Developer,Adobe,"San Francisco, CA (Remote)",$115K - $166K,Contract,Exciting opportunity for a Blockchain Developer to join our growing team. We value innovation and excellence. Looking for a self-motivated individual who loves solving complex problems.,,"General Tech, Problem Solving"
418,Mobile App Developer,Netflix,"Austin, TX",$180K - $204K,Contract,"Develop high-quality mobile applications for both iOS and Android platforms using React Native or Flutter. Focus on performance, smooth animations, and delivering a native-like experience. You will be responsible for integrating with native APIs and ensuring our apps are optimized for a wide range of devices. Be part of a diverse team pushing technological boundaries.",,"React Native, Flutter, Firebase, Mobile UI Design, App Store Optimization"
419,Full Stack Developer,Google,"Bengaluru, Karnataka",$131K - $189K,Full-time,"We are seeking a Full Stack Developer to build modern web solutions. You will work on both the client and server sides, implementing responsive designs and scalable API services. This role requires versatility and the ability to switch contexts quickly while maintaining high code quality and architectural integrity. Join us to make a real impact.",,"React, Node.js, MongoDB, Express.js, GraphQL, AWS"
420,Data Scientist,NVIDIA,"Toronto, Canada",$168K - $190K,Part-time,"Help us leverage data to gain a competitive advantage. You will design experiments, build automated reporting dashboards, and develop sophisticated algorithms to understand user behavior. This role requires the ability to translate complex data results into actionable business strategies and product improvements. Looking for a self-motivated individual who loves solving complex problems.",,"Python, R, SQL, Pandas, Scikit-Learn, Data Visualization"
421,Full Stack Developer,Stripe,Singapore,$101K - $146K,Contract,"End-to-end development of web applications using the MERN stack. Handle everything from database design and server-side logic to building interactive frontend components with React. You will be responsible for the entire feature lifecycle, ensuring a cohesive and performant experience across the full application stack. Experience with agile methodologies is preferred for this role.",,"React, Node.js, MongoDB, Express.js, GraphQL, AWS"
422,Machine Learning Engineer,Tech Innovations Inc.,"Mumbai, Maharashtra",$178K - $203K,Part-time,"As an ML Engineer, you will bridge the gap between research and production. You will take prototype models and turn them into scalable, high-performance services. This involves optimizing inference latency, managing large datasets for training, and building automated retraining pipelines. Be part of a diverse team pushing technological boundaries.",,"PyTorch, TensorFlow, NLP, Computer Vision, MLOps, Model Deployment"
423,Security Specialist,Spotify,"Austin, TX",$175K - $202K,Full-time,Exciting opportunity for a Security Specialist to join our growing team. We value innovation and excellence. We offer competitive benefits and a remote-friendly culture.,,"General Tech, Problem Solving"
424,Site Reliability Engineer,Spotify,Singapore,$100K - $132K,Remote,Exciting opportunity for a Site Reliability Engineer to join our growing team. We value innovation and excellence. Experience with agile methodologies is preferred for this role.,,"General Tech, Problem Solving"
425,Blockchain Developer,Amazon,"Toronto, Canada",$157K - $206K,Contract,Exciting opportunity for a Blockchain Developer to join our growing team. We value innovation and excellence. We offer competitive benefits and a remote-friendly culture.,,"General Tech, Problem Solving"
426,UI/UX Designer,DataWorks Ltd.,"Austin, TX",$100K - $122K,Remote,Drive the design vision of our platform. You will be responsible for creating a cohesive design system that scales across multiple products and platforms. Strong communication skills are essential as you will present your design decisions to stakeholders and work closely with engineering to bring them to life. Experience with agile methodologies is preferred for this role.,,"Figma, Adobe XD, User Research, Prototyping, Wireframing, Visual Design"
427,DevOps Engineer,Spotify,"Mumbai, Maharashtra",$103K - $148K,Full-time,"Automate infrastructure deployment and management using AWS, Docker, and Kubernetes. Ensure system reliability, scalability, and security through robust CI/CD pipelines and cloud-native practices. You will be responsible for monitoring system health and responding to incidents in our production environment. Experience with agile methodologies is preferred for this role.",,"AWS, Docker, Kubernetes, Terraform, Jenkins, Monitoring"
428,Security Specialist,Mindtree,"Toronto, Canada",$84K - $137K,Contract,Exciting opportunity for a Security Specialist to join our growing team. We value innovation and excellence. Looking for a self-motivated individual who loves solving complex problems.,,"General Tech, Problem Solving"
429,Backend Engineer,Stripe,"San Francisco, CA (Remote)",$137K - $169K,Full-time,"Architect and maintain the server-side logic of our cloud-based platforms. You will focus on building RESTful and gRPC APIs, managing relational and NoSQL databases, and ensuring high availability across multiple regions. This role involves deep dives into system performance tuning and implementing comprehensive monitoring solutions. Experience with agile methodologies is preferred for this role.",,"Node.js, Python, PostgreSQL, Redis, Microservices, gRPC"
430,Blockchain Developer,Tech Innovations Inc.,"Pune, Maharashtra",$180K - $221K,Remote,Exciting opportunity for a Blockchain Developer to join our growing team. We value innovation and excellence. Be part of a diverse team pushing technological boundaries.,,"General Tech, Problem Solving"
431,Product Manager,Mindtree,"San Francisco, CA (Remote)",$115K - $139K,Contract,"As a Product Manager, you will be the voice of the customer. You will conduct market research, analyze user feedback, and use data to make informed product decisions. Your goal is to build products that not only solve real problems but also delight our users and drive business growth. Looking for a self-motivated individual who loves solving complex problems.",,"Agile, Product Roadmap, User Stories, Market Research, Data Analytics"
432,Data Engineer,Cognizant India,"Gurugram, Haryana",$175K - $219K,Contract,Exciting opportunity for a Data Engineer to join our growing team. We value innovation and excellence. Experience with agile methodologies is preferred for this role.,,"General Tech, Problem Solving"
433,UI/UX Designer,Zomato,Singapore,$164K - $202K,Part-time,"Design intuitive and beautiful user experiences for our web and mobile applications. Conduct user research, create high-fidelity prototypes in Figma, and collaborate with developers to ensure faithful implementation of your designs. You will define the visual language and interaction patterns for our entire product suite. Experience with agile methodologies is preferred for this role.",,"Figma, Adobe XD, User Research, Prototyping, Wireframing, Visual Design"
434,Security Specialist,OpenAI,"Austin, TX",$105K - $136K,Part-time,Exciting opportunity for a Security Specialist to join our growing team. We value innovation and excellence. We offer competitive benefits and a remote-friendly culture.,,"General Tech, Problem Solving"
435,Backend Engineer,Meta,"Berlin, Germany",$111K - $161K,Contract,"Architect and maintain the server-side logic of our cloud-based platforms. You will focus on building RESTful and gRPC APIs, managing relational and NoSQL databases, and ensuring high availability across multiple regions. This role involves deep dives into system performance tuning and implementing comprehensive monitoring solutions. Experience with agile methodologies is preferred for this role.",,"Node.js, Python, PostgreSQL, Redis, Microservices, gRPC"
436,Site Reliability Engineer,Zomato,"Gurugram, Haryana",$174K - $212K,Full-time,Exciting opportunity for a Site Reliability Engineer to join our growing team. We value innovation and excellence. Experience with agile methodologies is preferred for this role.,,"General Tech, Problem Solving"
437,Blockchain Developer,Zomato,"Mumbai, Maharashtra",$147K - $171K,Part-time,Exciting opportunity for a Blockchain Developer to join our growing team. We value innovation and excellence. Looking for a self-motivated individual who loves solving complex problems.,,"General Tech, Problem Solving"
438,AI Engineer,DataWorks Ltd.,"Toronto, Canada",$144K - $167K,Part-time,Exciting opportunity for a AI Engineer to join our growing team. We value innovation and excellence. Looking for a self-motivated individual who loves solving complex problems.,,"General Tech, Problem Solving"
439,Cloud Architect,Google,"Pune, Maharashtra",$80K - $112K,Part-time,"Design and oversee complex cloud architectures on AWS or Azure. Focus on cost-optimization, disaster recovery, and ensuring systems are built for massive scale. You will provide technical leadership for cloud migrations and ensure that our cloud infrastructure follows industry best practices for security and reliability. Join us to make a real impact.",,"AWS, Azure, Cloud Security, Serverless, Infrastructure as Code"
440,Backend Engineer,Cognizant India,"Noida, Uttar Pradesh",$91K - $130K,Part-time,"We are looking for a Backend Engineer to join our core platform team. You will build high-throughput microservices, optimize complex database queries, and implement secure authentication systems. Experience with message brokers like Kafka or Redis is a plus as you will work on event-driven architectures to process data in real-time. Join us to make a real impact.",,"Node.js, Python, PostgreSQL, Redis, Microservices, gRPC"
441,Mobile App Developer,Meta,"Gurugram, Haryana",$97K - $155K,Full-time,"Architect and build cross-platform mobile solutions that delight users. You will focus on pixel-perfect UI implementation, optimizing app startup times, and managing complex application states. This role involves working closely with UX designers to push the boundaries of mobile interaction design. Be part of a diverse team pushing technological boundaries.",,"React Native, Flutter, Firebase, Mobile UI Design, App Store Optimization"
442,Mobile App Developer,Netflix,"Noida, Uttar Pradesh",$175K - $234K,Part-time,"Develop high-quality mobile applications for both iOS and Android platforms using React Native or Flutter. Focus on performance, smooth animations, and delivering a native-like experience. You will be responsible for integrating with native APIs and ensuring our apps are optimized for a wide range of devices. Experience with agile methodologies is preferred for this role.",,"React Native, Flutter, Firebase, Mobile UI Design, App Store Optimization"
443,AI Engineer,Cognizant India,"London, UK (Remote)",$99K - $127K,Part-time,Exciting opportunity for a AI Engineer to join our growing team. We value innovation and excellence. Looking for a self-motivated individual who loves solving complex problems.,,"General Tech, Problem Solving"
444,Backend Engineer,OpenAI,"Berlin, Germany",$116K - $140K,Remote,"Architect and maintain the server-side logic of our cloud-based platforms. You will focus on building RESTful and gRPC APIs, managing relational and NoSQL databases, and ensuring high availability across multiple regions. This role involves deep dives into system performance tuning and implementing comprehensive monitoring solutions. Join us to make a real impact.",,"Node.js, Python, PostgreSQL, Redis, Microservices, gRPC"
445,AI Engineer,Spotify,"London, UK (Remote)",$91K - $138K,Full-time,Exciting opportunity for a AI Engineer to join our growing team. We value innovation and excellence. Join us to make a real impact.,,"General Tech, Problem Solving"
446,Cloud Architect,Google,"London, UK (Remote)",$180K - $234K,Full-time,"We are looking for a Cloud Architect to define our global infrastructure strategy. You will design serverless architectures, implement complex networking solutions, and ensure that our platform is highly available across multiple regions. This role involves mentoring engineering teams on cloud-native development patterns. Be part of a diverse team pushing technological boundaries.",,"AWS, Azure, Cloud Security, Serverless, Infrastructure as Code"
447,UI/UX Designer,Zomato,"Mumbai, Maharashtra",$152K - $203K,Contract,Drive the design vision of our platform. You will be responsible for creating a cohesive design system that scales across multiple products and platforms. Strong communication skills are essential as you will present your design decisions to stakeholders and work closely with engineering to bring them to life. Join us to make a real impact.,,"Figma, Adobe XD, User Research, Prototyping, Wireframing, Visual Design"
448,Backend Engineer,Spotify,"Berlin, Germany",$175K - $216K,Contract,"Design and implement scalable backend services and APIs using Node.js and Python. Focus on data integrity, system performance, and building robust distributed systems that handle millions of requests. You will be responsible for database schema design, implementing caching strategies, and ensuring the reliability of our core services. Looking for a self-motivated individual who loves solving complex problems.",,"Node.js, Python, PostgreSQL, Redis, Microservices, gRPC"
449,Data Engineer,Meta,Singapore,$155K - $179K,Full-time,Exciting opportunity for a Data Engineer to join our growing team. We value innovation and excellence. Looking for a self-motivated individual who loves solving complex problems.,,"General Tech, Problem Solving"
450,AI Engineer,Cognizant India,"Toronto, Canada",$178K - $216K,Contract,Exciting opportunity for a AI Engineer to join our growing team. We value innovation and excellence. Experience with agile methodologies is preferred for this role.,,"General Tech, Problem Solving"
451,DevOps Engineer,Netflix,"Bengaluru, Karnataka",$133K - $169K,Part-time,"Automate infrastructure deployment and management using AWS, Docker, and Kubernetes. Ensure system reliability, scalability, and security through robust CI/CD pipelines and cloud-native practices. You will be responsible for monitoring system health and responding to incidents in our production environment. Be part of a diverse team pushing technological boundaries.",,"AWS, Docker, Kubernetes, Terraform, Jenkins, Monitoring"
452,AI Engineer,Mindtree,"New York, NY",$116K - $148K,Full-time,Exciting opportunity for a AI Engineer to join our growing team. We value innovation and excellence. Looking for a self-motivated individual who loves solving complex problems.,,"General Tech, Problem Solving"
453,Blockchain Developer,CloudOps Solutions,"Toronto, Canada",$87K - $145K,Contract,Exciting opportunity for a Blockchain Developer to join our growing team. We value innovation and excellence. Be part of a diverse team pushing technological boundaries.,,"General Tech, Problem Solving"
454,Senior Frontend Developer,CloudOps Solutions,"Berlin, Germany",$103K - $147K,Part-time,"Lead the development of high-performance user interfaces using modern React ecosystems. Responsibilities include architecting frontend solutions, mentoring junior developers, and ensuring seamless UX across all devices. You will work closely with design teams to implement pixel-perfect components and optimize web performance for millions of global users. We offer competitive benefits and a remote-friendly culture.",,"React, TypeScript, Next.js, Tailwind CSS, Redux, Web Performance"
455,Mobile App Developer,Stripe,"San Francisco, CA (Remote)",$152K - $175K,Full-time,"Join our mobile team to create engaging user experiences on smartphones and tablets. You will build feature-rich applications, implement offline sync capabilities, and ensure our mobile products are stable and secure. Experience with mobile CI/CD and publishing to App Store and Google Play is required. We offer competitive benefits and a remote-friendly culture.",,"React Native, Flutter, Firebase, Mobile UI Design, App Store Optimization"
456,Product Manager,Google,"Noida, Uttar Pradesh",$99K - $145K,Contract,"Lead cross-functional teams to build and ship impactful features. You will manage stakeholders, navigate technical constraints, and ensure that our products are aligned with the overall company strategy. This role requires strong leadership, excellent communication, and a deep understanding of the agile development process. Join us to make a real impact.",,"Agile, Product Roadmap, User Stories, Market Research, Data Analytics"
457,Senior Frontend Developer,Stripe,"Bengaluru, Karnataka",$85K - $119K,Contract,"Lead the development of high-performance user interfaces using modern React ecosystems. Responsibilities include architecting frontend solutions, mentoring junior developers, and ensuring seamless UX across all devices. You will work closely with design teams to implement pixel-perfect components and optimize web performance for millions of global users. Be part of a diverse team pushing technological boundaries.",,"React, TypeScript, Next.js, Tailwind CSS, Redux, Web Performance"
458,Mobile App Developer,Zomato,"London, UK (Remote)",$123K - $165K,Contract,"Join our mobile team to create engaging user experiences on smartphones and tablets. You will build feature-rich applications, implement offline sync capabilities, and ensure our mobile products are stable and secure. Experience with mobile CI/CD and publishing to App Store and Google Play is required. Be part of a diverse team pushing technological boundaries.",,"React Native, Flutter, Firebase, Mobile UI Design, App Store Optimization"
459,UI/UX Designer,CloudOps Solutions,"London, UK (Remote)",$172K - $196K,Remote,Drive the design vision of our platform. You will be responsible for creating a cohesive design system that scales across multiple products and platforms. Strong communication skills are essential as you will present your design decisions to stakeholders and work closely with engineering to bring them to life. We offer competitive benefits and a remote-friendly culture.,,"Figma, Adobe XD, User Research, Prototyping, Wireframing, Visual Design"
500,AI Researcher,Scale AI,"New York, NY",$267K - $339K,Full-time,Exciting opportunity for a AI Researcher to join our growing team. We value innovation and excellence. Experience with agile methodologies is preferred for this role.,Just now,"General Tech, Problem Solving"
501,Generative AI Developer,Intel,"Berlin, Germany",$140K - $185K,Full-time,Exciting opportunity for a Generative AI Developer to join our growing team. We value innovation and excellence. Be part of a diverse team pushing technological boundaries.,Just now,"General Tech, Problem Solving"
502,Analytics Engineer,Salesforce,"London, UK (Remote)",$154K - $238K,Contract,Exciting opportunity for a Analytics Engineer to join our growing team. We value innovation and excellence. Experience with agile methodologies is preferred for this role.,Just now,"General Tech, Problem Solving"
503,Robotics Software Engineer,Google AI,"Austin, TX",$219K - $251K,Full-time,Exciting opportunity for a Robotics Software Engineer to join our growing team. We value innovation and excellence. Looking for a self-motivated individual who loves solving complex problems.,Just now,"General Tech, Problem Solving"
504,Generative AI Developer,Cisco,Singapore,$264K - $351K,Remote,Exciting opportunity for a Generative AI Developer to join our growing team. We value innovation and excellence. Be part of a diverse team pushing technological boundaries.,Just now,"General Tech, Problem Solving"
505,AI Researcher,NVIDIA,"Tel Aviv, Israel",$249K - $281K,Contract,Exciting opportunity for a AI Researcher to join our growing team. We value innovation and excellence. Join us to make a real impact.,Just now,"General Tech, Problem Solving"
506,Generative AI Developer,Intel,"London, UK (Remote)",$144K - $229K,Contract,Exciting opportunity for a Generative AI Developer to join our growing team. We value innovation and excellence. Be part of a diverse team pushing technological boundaries.,Just now,"General Tech, Problem Solving"
507,Analytics Engineer,Intel,"New York, NY",$239K - $339K,Remote,Exciting opportunity for a Analytics Engineer to join our growing team. We value innovation and excellence. Be part of a diverse team pushing technological boundaries.,Just now,"General Tech, Problem Solving"
508,AI Ethicist,Scale AI,"Toronto, Canada",$262K - $295K,Contract,Exciting opportunity for a AI Ethicist to join our growing team. We value innovation and excellence. Experience with agile methodologies is preferred for this role.,Just now,"General Tech, Problem Solving"
509,AI Ethicist,Scale AI,"Austin, TX",$180K - $219K,Contract,Exciting opportunity for a AI Ethicist to join our growing team. We value innovation and excellence. Experience with agile methodologies is preferred for this role.,Just now,"General Tech, Problem Solving"
510,MLOps Engineer,Amazon Web Services,"Berlin, Germany",$279K - $356K,Contract,Exciting opportunity for a MLOps Engineer to join our growing team. We value innovation and excellence. Looking for a self-motivated individual who loves solving complex problems.,Just now,"General Tech, Problem Solving"
511,Data Architect,Microsoft,Remote,$148K - $214K,Contract,Exciting opportunity for a Data Architect to join our growing team. We value innovation and excellence. Be part of a diverse team pushing technological boundaries.,Just now,"General Tech, Problem Solving"
512,Backend AI Developer,Tesla,"San Francisco, CA",$183K - $225K,Contract,Exciting opportunity for a Backend AI Developer to join our growing team. We value innovation and excellence. We offer competitive benefits and a remote-friendly culture.,Just now,"General Tech, Problem Solving"
513,Data Architect,Databricks,"Toronto, Canada",$273K - $357K,Contract,Exciting opportunity for a Data Architect to join our growing team. We value innovation and excellence. We offer competitive benefits and a remote-friendly culture.,Just now,"General Tech, Problem Solving"
514,MLOps Engineer,Tesla,Remote,$149K - $246K,Full-time,Exciting opportunity for a MLOps Engineer to join our growing team. We value innovation and excellence. Be part of a diverse team pushing technological boundaries.,Just now,"General Tech, Problem Solving"
515,Deep Learning Engineer,Cisco,Singapore,$239K - $316K,Full-time,Exciting opportunity for a Deep Learning Engineer to join our growing team. We value innovation and excellence. Looking for a self-motivated individual who loves solving complex problems.,Just now,"General Tech, Problem Solving"
516,Data Engineer,Snowflake,"Seattle, WA",$183K - $246K,Remote,Exciting opportunity for a Data Engineer to join our growing team. We value innovation and excellence. Experience with agile methodologies is preferred for this role.,Just now,"General Tech, Problem Solving"
517,MLOps Engineer,Cisco,"Tel Aviv, Israel",$122K - $164K,Remote,Exciting opportunity for a MLOps Engineer to join our growing team. We value innovation and excellence. Looking for a self-motivated individual who loves solving complex problems.,Just now,"General Tech, Problem Solving"
518,Deep Learning Engineer,Salesforce,"Berlin, Germany",$268K - $368K,Contract,Exciting opportunity for a Deep Learning Engineer to join our growing team. We value innovation and excellence. Experience with agile methodologies is preferred for this role.,Just now,"General Tech, Problem Solving"
519,Deep Learning Engineer,Cisco,"Seattle, WA",$224K - $286K,Contract,Exciting opportunity for a Deep Learning Engineer to join our growing team. We value innovation and excellence. Experience with agile methodologies is preferred for this role.,Just now,"General Tech, Problem Solving"
520,AI Engineer,OpenAI,"Palo Alto, CA",$139K - $183K,Remote,Exciting opportunity for a AI Engineer to join our growing team. We value innovation and excellence. Join us to make a real impact.,Just now,"General Tech, Problem Solving"
521,Analytics Engineer,Meta,"Palo Alto, CA",$194K - $226K,Remote,Exciting opportunity for a Analytics Engineer to join our growing team. We value innovation and excellence. Experience with agile methodologies is preferred for this role.,Just now,"General Tech, Problem Solving"
522,Data Engineer,Google AI,"Bangalore, India",$206K - $274K,Contract,Exciting opportunity for a Data Engineer to join our growing team. We value innovation and excellence. Be part of a diverse team pushing technological boundaries.,Just now,"General Tech, Problem Solving"
523,Computer Vision Engineer,Microsoft,"Tel Aviv, Israel",$251K - $320K,Remote,Exciting opportunity for a Computer Vision Engineer to join our growing team. We value innovation and excellence. Looking for a self-motivated individual who loves solving complex problems.,Just now,"General Tech, Problem Solving"
524,AI Product Manager,IBM,"Berlin, Germany",$244K - $279K,Contract,Exciting opportunity for a AI Product Manager to join our growing team. We value innovation and excellence. Experience with agile methodologies is preferred for this role.,Just now,"General Tech, Problem Solving"
525,Data Scientist,Salesforce,"Palo Alto, CA",$204K - $244K,Full-time,"We are looking for a Data Scientist to build predictive models and recommendation engines. You will work with large-scale data systems, implement feature engineering pipelines, and evaluate model performance in production. Strong mathematical foundation and experience with A/B testing are essential for this role. Looking for a self-motivated individual who loves solving complex problems.",Just now,"Python, R, SQL, Pandas, Scikit-Learn, Data Visualization"
526,MLOps Engineer,Meta,"Austin, TX",$204K - $283K,Full-time,Exciting opportunity for a MLOps Engineer to join our growing team. We value innovation and excellence. Be part of a diverse team pushing technological boundaries.,Just now,"General Tech, Problem Solving"
527,Deep Learning Engineer,Palantir,"Palo Alto, CA",$242K - $309K,Full-time,Exciting opportunity for a Deep Learning Engineer to join our growing team. We value innovation and excellence. We offer competitive benefits and a remote-friendly culture.,Just now,"General Tech, Problem Solving"
528,Analytics Engineer,Amazon Web Services,"London, UK (Remote)",$230K - $298K,Full-time,Exciting opportunity for a Analytics Engineer to join our growing team. We value innovation and excellence. Experience with agile methodologies is preferred for this role.,Just now,"General Tech, Problem Solving"
529,Deep Learning Engineer,NVIDIA,"Tokyo, Japan",$132K - $225K,Remote,Exciting opportunity for a Deep Learning Engineer to join our growing team. We value innovation and excellence. We offer competitive benefits and a remote-friendly culture.,Just now,"General Tech, Problem Solving"
530,Prompt Engineer,Intel,"Palo Alto, CA",$167K - $222K,Remote,Exciting opportunity for a Prompt Engineer to join our growing team. We value innovation and excellence. We offer competitive benefits and a remote-friendly culture.,Just now,"General Tech, Problem Solving"
531,Data Architect,Microsoft,"Toronto, Canada",$243K - $295K,Contract,Exciting opportunity for a Data Architect to join our growing team. We value innovation and excellence. Looking for a self-motivated individual who loves solving complex problems.,Just now,"General Tech, Problem Solving"
532,Data Engineer,Tesla,"Seattle, WA",$139K - $169K,Contract,Exciting opportunity for a Data Engineer to join our growing team. We value innovation and excellence. We offer competitive benefits and a remote-friendly culture.,Just now,"General Tech, Problem Solving"
533,AI Product Manager,Tesla,"Austin, TX",$249K - $307K,Remote,Exciting opportunity for a AI Product Manager to join our growing team. We value innovation and excellence. Join us to make a real impact.,Just now,"General Tech, Problem Solving"
534,AI Engineer,OpenAI,"Palo Alto, CA",$177K - $239K,Contract,Exciting opportunity for a AI Engineer to join our growing team. We value innovation and excellence. We offer competitive benefits and a remote-friendly culture.,Just now,"General Tech, Problem Solving"
535,AI Product Manager,Tesla,"New York, NY",$278K - $367K,Full-time,Exciting opportunity for a AI Product Manager to join our growing team. We value innovation and excellence. Join us to make a real impact.,Just now,"General Tech, Problem Solving"
536,Backend AI Developer,Databricks,Remote,$225K - $284K,Remote,Exciting opportunity for a Backend AI Developer to join our growing team. We value innovation and excellence. Be part of a diverse team pushing technological boundaries.,Just now,"General Tech, Problem Solving"
537,AI Researcher,Scale AI,"Bangalore, India",$204K - $269K,Full-time,Exciting opportunity for a AI Researcher to join our growing team. We value innovation and excellence. Be part of a diverse team pushing technological boundaries.,Just now,"General Tech, Problem Solving"
538,AI Ethicist,NVIDIA,"San Francisco, CA",$194K - $224K,Full-time,Exciting opportunity for a AI Ethicist to join our growing team. We value innovation and excellence. Be part of a diverse team pushing technological boundaries.,Just now,"General Tech, Problem Solving"
539,AI Engineer,Meta,"Palo Alto, CA",$239K - $282K,Contract,Exciting opportunity for a AI Engineer to join our growing team. We value innovation and excellence. We offer competitive benefits and a remote-friendly culture.,Just now,"General Tech, Problem Solving"
540,Prompt Engineer,Salesforce,"Seattle, WA",$221K - $262K,Full-time,Exciting opportunity for a Prompt Engineer to join our growing team. We value innovation and excellence. Be part of a diverse team pushing technological boundaries.,Just now,"General Tech, Problem Solving"
541,Computer Vision Engineer,IBM,"Tel Aviv, Israel",$133K - $220K,Remote,Exciting opportunity for a Computer Vision Engineer to join our growing team. We value innovation and excellence. We offer competitive benefits and a remote-friendly culture.,Just now,"General Tech, Problem Solving"
542,AI Product Manager,Scale AI,Singapore,$218K - $303K,Full-time,Exciting opportunity for a AI Product Manager to join our growing team. We value innovation and excellence. Looking for a self-motivated individual who loves solving complex problems.,Just now,"General Tech, Problem Solving"
543,AI Engineer,Databricks,"London, UK (Remote)",$263K - $362K,Full-time,Exciting opportunity for a AI Engineer to join our growing team. We value innovation and excellence. We offer competitive benefits and a remote-friendly culture.,Just now,"General Tech, Problem Solving"
544,Data Engineer,Databricks,"San Francisco, CA",$139K - $176K,Full-time,Exciting opportunity for a Data Engineer to join our growing team. We value innovation and excellence. Experience with agile methodologies is preferred for this role.,Just now,"General Tech, Problem Solving"
545,NLP Engineer,OpenAI,"Seattle, WA",$267K - $353K,Full-time,Exciting opportunity for a NLP Engineer to join our growing team. We value innovation and excellence. Experience with agile methodologies is preferred for this role.,Just now,"General Tech, Problem Solving"
546,Prompt Engineer,Databricks,"New York, NY",$210K - $302K,Full-time,Exciting opportunity for a Prompt Engineer to join our growing team. We value innovation and excellence. Looking for a self-motivated individual who loves solving complex problems.,Just now,"General Tech, Problem Solving"
547,MLOps Engineer,Microsoft,"Seattle, WA",$156K - $217K,Remote,Exciting opportunity for a MLOps Engineer to join our growing team. We value innovation and excellence. Experience with agile methodologies is preferred for this role.,Just now,"General Tech, Problem Solving"
548,Data Architect,Meta,Remote,$202K - $286K,Remote,Exciting opportunity for a Data Architect to join our growing team. We value innovation and excellence. Be part of a diverse team pushing technological boundaries.,Just now,"General Tech, Problem Solving"
549,AI Researcher,Databricks,Singapore,$166K - $218K,Contract,Exciting opportunity for a AI Researcher to join our growing team. We value innovation and excellence. Experience with agile methodologies is preferred for this role.,Just now,"General Tech, Problem Solving"
550,Generative AI Developer,OpenAI,"Seattle, WA",$224K - $291K,Full-time,Exciting opportunity for a Generative AI Developer to join our growing team. We value innovation and excellence. Experience with agile methodologies is preferred for this role.,Just now,"General Tech, Problem Solving"
551,Backend AI Developer,Google AI,"Austin, TX",$206K - $294K,Full-time,Exciting opportunity for a Backend AI Developer to join our growing team. We value innovation and excellence. Experience with agile methodologies is preferred for this role.,Just now,"General Tech, Problem Solving"
552,MLOps Engineer,Meta,"London, UK (Remote)",$149K - $205K,Contract,Exciting opportunity for a MLOps Engineer to join our growing team. We value innovation and excellence. Looking for a self-motivated individual who loves solving complex problems.,Just now,"General Tech, Problem Solving"
553,Robotics Software Engineer,Cisco,Remote,$149K - $226K,Remote,Exciting opportunity for a Robotics Software Engineer to join our growing team. We value innovation and excellence. Looking for a self-motivated individual who loves solving complex problems.,Just now,"General Tech, Problem Solving"
554,Generative AI Developer,NVIDIA,"New York, NY",$257K - $345K,Contract,Exciting opportunity for a Generative AI Developer to join our growing team. We value innovation and excellence. Experience with agile methodologies is preferred for this role.,Just now,"General Tech, Problem Solving"
555,Computer Vision Engineer,OpenAI,"Bangalore, India",$185K - $263K,Contract,Exciting opportunity for a Computer Vision Engineer to join our growing team. We value innovation and excellence. Looking for a self-motivated individual who loves solving complex problems.,Just now,"General Tech, Problem Solving"
556,Data Architect,Mistral AI,"Tel Aviv, Israel",$124K - $222K,Contract,Exciting opportunity for a Data Architect to join our growing team. We value innovation and excellence. Looking for a self-motivated individual who loves solving complex problems.,Just now,"General Tech, Problem Solving"
557,Computer Vision Engineer,IBM,"Bangalore, India",$216K - $281K,Contract,Exciting opportunity for a Computer Vision Engineer to join our growing team. We value innovation and excellence. We offer competitive benefits and a remote-friendly culture.,Just now,"General Tech, Problem Solving"
558,AI Researcher,Cisco,"Toronto, Canada",$260K - $295K,Full-time,Exciting opportunity for a AI Researcher to join our growing team. We value innovation and excellence. We offer competitive benefits and a remote-friendly culture.,Just now,"General Tech, Problem Solving"
559,Generative AI Developer,OpenAI,"San Francisco, CA",$156K - $222K,Full-time,Exciting opportunity for a Generative AI Developer to join our growing team. We value innovation and excellence. We offer competitive benefits and a remote-friendly culture.,Just now,"General Tech, Problem Solving"
560,Generative AI Developer,Intel,"London, UK (Remote)",$231K - $314K,Contract,Exciting opportunity for a Generative AI Developer to join our growing team. We value innovation and excellence. Looking for a self-motivated individual who loves solving complex problems.,Just now,"General Tech, Problem Solving"
561,MLOps Engineer,OpenAI,"Toronto, Canada",$233K - $319K,Remote,Exciting opportunity for a MLOps Engineer to join our growing team. We value innovation and excellence. Looking for a self-motivated individual who loves solving complex problems.,Just now,"General Tech, Problem Solving"
562,AI Product Manager,Snowflake,"Tel Aviv, Israel",$238K - $329K,Full-time,Exciting opportunity for a AI Product Manager to join our growing team. We value innovation and excellence. We offer competitive benefits and a remote-friendly culture.,Just now,"General Tech, Problem Solving"
563,Prompt Engineer,Stability AI,"Tel Aviv, Israel",$120K - $207K,Full-time,Exciting opportunity for a Prompt Engineer to join our growing team. We value innovation and excellence. Experience with agile methodologies is preferred for this role.,Just now,"General Tech, Problem Solving"
564,Backend AI Developer,Scale AI,"London, UK (Remote)",$157K - $237K,Full-time,Exciting opportunity for a Backend AI Developer to join our growing team. We value innovation and excellence. We offer competitive benefits and a remote-friendly culture.,Just now,"General Tech, Problem Solving"
565,AI Engineer,Google AI,"Bangalore, India",$257K - $315K,Full-time,Exciting opportunity for a AI Engineer to join our growing team. We value innovation and excellence. Be part of a diverse team pushing technological boundaries.,Just now,"General Tech, Problem Solving"
566,Deep Learning Engineer,Tesla,"Austin, TX",$213K - $272K,Remote,Exciting opportunity for a Deep Learning Engineer to join our growing team. We value innovation and excellence. Experience with agile methodologies is preferred for this role.,Just now,"General Tech, Problem Solving"
567,AI Product Manager,Stability AI,"New York, NY",$239K - $293K,Remote,Exciting opportunity for a AI Product Manager to join our growing team. We value innovation and excellence. Experience with agile methodologies is preferred for this role.,Just now,"General Tech, Problem Solving"
568,Data Scientist,Hugging Face,"Berlin, Germany",$231K - $301K,Remote,"Help us leverage data to gain a competitive advantage. You will design experiments, build automated reporting dashboards, and develop sophisticated algorithms to understand user behavior. This role requires the ability to translate complex data results into actionable business strategies and product improvements. Join us to make a real impact.",Just now,"Python, R, SQL, Pandas, Scikit-Learn, Data Visualization"
569,Data Architect,Databricks,"Bangalore, India",$200K - $265K,Full-time,Exciting opportunity for a Data Architect to join our growing team. We value innovation and excellence. Be part of a diverse team pushing technological boundaries.,Just now,"General Tech, Problem Solving"
570,AI Engineer,OpenAI,"San Francisco, CA",$134K - $189K,Remote,Exciting opportunity for a AI Engineer to join our growing team. We value innovation and excellence. We offer competitive benefits and a remote-friendly culture.,Just now,"General Tech, Problem Solving"
571,Robotics Software Engineer,Hugging Face,Singapore,$220K - $311K,Remote,Exciting opportunity for a Robotics Software Engineer to join our growing team. We value innovation and excellence. Looking for a self-motivated individual who loves solving complex problems.,Just now,"General Tech, Problem Solving"
572,Generative AI Developer,Microsoft,"Bangalore, India",$233K - $321K,Remote,Exciting opportunity for a Generative AI Developer to join our growing team. We value innovation and excellence. Looking for a self-motivated individual who loves solving complex problems.,Just now,"General Tech, Problem Solving"
573,Deep Learning Engineer,Databricks,Singapore,$130K - $205K,Remote,Exciting opportunity for a Deep Learning Engineer to join our growing team. We value innovation and excellence. We offer competitive benefits and a remote-friendly culture.,Just now,"General Tech, Problem Solving"
574,Backend AI Developer,Cisco,Remote,$176K - $266K,Full-time,Exciting opportunity for a Backend AI Developer to join our growing team. We value innovation and excellence. Join us to make a real impact.,Just now,"General Tech, Problem Solving"
575,Backend AI Developer,Salesforce,"Palo Alto, CA",$147K - $192K,Full-time,Exciting opportunity for a Backend AI Developer to join our growing team. We value innovation and excellence. Be part of a diverse team pushing technological boundaries.,Just now,"General Tech, Problem Solving"
576,Data Scientist,IBM,Remote,$200K - $267K,Remote,"We are looking for a Data Scientist to build predictive models and recommendation engines. You will work with large-scale data systems, implement feature engineering pipelines, and evaluate model performance in production. Strong mathematical foundation and experience with A/B testing are essential for this role. Experience with agile methodologies is preferred for this role.",Just now,"Python, R, SQL, Pandas, Scikit-Learn, Data Visualization"
577,Robotics Software Engineer,Meta,"Tel Aviv, Israel",$171K - $226K,Full-time,Exciting opportunity for a Robotics Software Engineer to join our growing team. We value innovation and excellence. Join us to make a real impact.,Just now,"General Tech, Problem Solving"
578,Robotics Software Engineer,Databricks,"London, UK (Remote)",$227K - $308K,Contract,Exciting opportunity for a Robotics Software Engineer to join our growing team. We value innovation and excellence. Join us to make a real impact.,Just now,"General Tech, Problem Solving"
579,Prompt Engineer,Intel,"Berlin, Germany",$145K - $227K,Remote,Exciting opportunity for a Prompt Engineer to join our growing team. We value innovation and excellence. Join us to make a real impact.,Just now,"General Tech, Problem Solving"
580,AI Ethicist,OpenAI,"Tel Aviv, Israel",$165K - $228K,Full-time,Exciting opportunity for a AI Ethicist to join our growing team. We value innovation and excellence. Join us to make a real impact.,Just now,"General Tech, Problem Solving"
581,Deep Learning Engineer,Salesforce,"New York, NY",$268K - $359K,Contract,Exciting opportunity for a Deep Learning Engineer to join our growing team. We value innovation and excellence. We offer competitive benefits and a remote-friendly culture.,Just now,"General Tech, Problem Solving"
582,AI Ethicist,NVIDIA,"Seattle, WA",$146K - $203K,Remote,Exciting opportunity for a AI Ethicist to join our growing team. We value innovation and excellence. We offer competitive benefits and a remote-friendly culture.,Just now,"General Tech, Problem Solving"
583,Data Engineer,Google AI,"Palo Alto, CA",$278K - $377K,Full-time,Exciting opportunity for a Data Engineer to join our growing team. We value innovation and excellence. Experience with agile methodologies is preferred for this role.,Just now,"General Tech, Problem Solving"
584,AI Ethicist,Salesforce,"Toronto, Canada",$234K - $283K,Full-time,Exciting opportunity for a AI Ethicist to join our growing team. We value innovation and excellence. Experience with agile methodologies is preferred for this role.,Just now,"General Tech, Problem Solving"
585,AI Engineer,Meta,"Austin, TX",$208K - $291K,Contract,Exciting opportunity for a AI Engineer to join our growing team. We value innovation and excellence. Looking for a self-motivated individual who loves solving complex problems.,Just now,"General Tech, Problem Solving"
586,Data Architect,Google AI,"Tokyo, Japan",$137K - $177K,Remote,Exciting opportunity for a Data Architect to join our growing team. We value innovation and excellence. Join us to make a real impact.,Just now,"General Tech, Problem Solving"
587,AI Researcher,Tesla,"Tokyo, Japan",$195K - $229K,Full-time,Exciting opportunity for a AI Researcher to join our growing team. We value innovation and excellence. We offer competitive benefits and a remote-friendly culture.,Just now,"General Tech, Problem Solving"
588,AI Engineer,Databricks,"Seattle, WA",$222K - $259K,Remote,Exciting opportunity for a AI Engineer to join our growing team. We value innovation and excellence. Looking for a self-motivated individual who loves solving complex problems.,Just now,"General Tech, Problem Solving"
589,Data Architect,Microsoft,"Seattle, WA",$223K - $266K,Contract,Exciting opportunity for a Data Architect to join our growing team. We value innovation and excellence. Looking for a self-motivated individual who loves solving complex problems.,Just now,"General Tech, Problem Solving"
590,Deep Learning Engineer,Anthropic,Singapore,$210K - $273K,Remote,Exciting opportunity for a Deep Learning Engineer to join our growing team. We value innovation and excellence. Experience with agile methodologies is preferred for this role.,Just now,"General Tech, Problem Solving"
591,NLP Engineer,IBM,"London, UK (Remote)",$142K - $210K,Full-time,Exciting opportunity for a NLP Engineer to join our growing team. We value innovation and excellence. Be part of a diverse team pushing technological boundaries.,Just now,"General Tech, Problem Solving"
592,Prompt Engineer,NVIDIA,"Palo Alto, CA",$167K - $221K,Full-time,Exciting opportunity for a Prompt Engineer to join our growing team. We value innovation and excellence. We offer competitive benefits and a remote-friendly culture.,Just now,"General Tech, Problem Solving"
593,Data Engineer,NVIDIA,"San Francisco, CA",$122K - $217K,Contract,Exciting opportunity for a Data Engineer to join our growing team. We value innovation and excellence. Be part of a diverse team pushing technological boundaries.,Just now,"General Tech, Problem Solving"
594,Prompt Engineer,IBM,"Toronto, Canada",$275K - $365K,Remote,Exciting opportunity for a Prompt Engineer to join our growing team. We value innovation and excellence. We offer competitive benefits and a remote-friendly culture.,Just now,"General Tech, Problem Solving"
595,MLOps Engineer,Mistral AI,"Toronto, Canada",$188K - $282K,Contract,Exciting opportunity for a MLOps Engineer to join our growing team. We value innovation and excellence. Experience with agile methodologies is preferred for this role.,Just now,"General Tech, Problem Solving"
596,Data Scientist,Hugging Face,"Toronto, Canada",$143K - $231K,Contract,"Extract meaningful insights from complex datasets using Python and R. Apply statistical modeling and machine learning techniques to solve business problems and drive data-driven decision making. You will be responsible for data cleaning, exploratory analysis, and presenting findings to stakeholders. Join us to make a real impact.",Just now,"Python, R, SQL, Pandas, Scikit-Learn, Data Visualization"
597,Robotics Software Engineer,Scale AI,"Austin, TX",$157K - $211K,Contract,Exciting opportunity for a Robotics Software Engineer to join our growing team. We value innovation and excellence. Be part of a diverse team pushing technological boundaries.,Just now,"General Tech, Problem Solving"
598,AI Engineer,Microsoft,"Berlin, Germany",$140K - $208K,Contract,Exciting opportunity for a AI Engineer to join our growing team. We value innovation and excellence. Join us to make a real impact.,Just now,"General Tech, Problem Solving"
599,AI Ethicist,Stability AI,"London, UK (Remote)",$192K - $285K,Contract,Exciting opportunity for a AI Ethicist to join our growing team. We value innovation and excellence. Join us to make a real impact.,Just now,"General Tech, Problem Solving"
